checkin_acc,duration,credit_history,purpose,amount,svaing_acc,present_emp_since,inst_rate,personal_status,other_debtors,residing_since,property,age,inst_plans,housing,num_credits,job,dependents,telephone,foreign_worker,status
11,9,34,43,1754,65,75,6,93,101,6,121,101,143,152,3,173,2,192,201,0
12,72,32,43,8927,61,73,3,92,101,3,121,33,143,152,2,173,2,191,201,1
14,18,34,46,3144,61,74,3,93,101,5,121,74,143,152,2,172,3,191,201,0
11,63,32,42,11823,61,74,3,93,103,6,122,68,143,153,2,173,3,191,201,0
11,36,33,40,7305,61,73,5,93,101,6,124,80,143,153,3,173,3,191,201,1
14,54,32,46,13583,65,73,3,93,101,6,124,53,143,153,2,172,3,192,201,0
14,36,32,42,4253,63,75,5,93,101,6,122,80,143,152,2,173,2,191,201,0
12,54,32,41,10422,61,73,3,93,101,3,123,53,143,151,2,174,2,192,201,0
14,18,32,43,4589,64,74,3,91,101,6,121,92,143,152,2,172,2,191,201,0
12,45,34,40,7851,61,71,6,94,101,3,123,42,143,152,3,174,2,191,201,1
12,18,32,40,1943,61,72,5,92,101,2,123,38,143,151,2,173,2,191,201,1
11,72,32,49,6462,61,72,5,92,101,6,122,36,143,151,2,173,2,191,201,1
12,18,32,43,2351,61,73,2,92,101,2,123,33,143,152,2,173,2,192,201,0
11,36,34,40,1799,61,75,6,93,101,6,123,90,143,152,3,172,2,191,201,1
11,23,32,40,2105,61,73,3,92,101,6,123,42,143,151,2,173,2,191,201,0
11,36,32,43,1923,62,73,6,92,101,3,123,48,143,152,2,172,2,191,201,1
14,36,34,43,3636,65,75,6,93,101,6,122,80,143,152,3,173,2,191,201,0
11,45,30,49,12108,65,72,3,93,101,5,123,38,141,152,5,173,2,191,201,0
12,36,32,41,18869,61,75,6,92,101,3,124,66,143,153,2,174,2,192,201,1
14,36,32,43,5145,63,75,5,93,101,3,123,47,143,152,2,173,3,192,201,0
14,14,34,40,3201,61,73,6,93,101,6,123,72,143,152,5,173,2,192,201,0
11,9,32,43,3971,63,73,3,93,101,5,121,66,143,151,2,173,3,191,201,0
11,15,34,40,3362,61,72,2,93,101,5,121,72,143,151,3,172,3,191,202,0
12,18,34,41,2706,62,72,5,93,101,6,122,66,143,152,2,173,2,191,201,0
14,15,34,42,3104,65,73,3,94,101,2,123,39,143,152,3,173,2,191,202,0
11,9,32,42,2061,61,73,2,93,101,3,121,54,141,152,2,172,2,192,201,0
14,9,30,43,639,61,75,6,94,101,6,123,59,143,152,2,172,2,191,201,0
13,18,31,43,614,64,73,5,92,101,5,121,63,143,151,3,173,2,191,201,0
12,11,32,43,3623,61,73,5,93,103,3,121,51,143,152,2,173,2,191,201,0
11,90,33,49,10254,61,75,5,93,101,6,124,95,143,152,3,173,2,192,201,1
12,27,32,49,2870,64,72,5,94,101,5,121,54,141,152,2,173,2,192,201,0
11,36,32,42,6030,61,73,3,93,101,3,123,41,142,152,2,173,2,191,201,0
12,27,32,40,8799,62,73,3,93,101,3,123,45,143,152,3,173,2,192,201,0
14,18,34,49,1896,65,75,6,93,101,6,124,86,143,151,2,172,2,191,201,0
13,18,32,42,2211,61,72,6,92,101,2,122,50,141,152,2,174,2,192,201,0
12,68,34,43,7119,61,72,6,93,101,3,122,38,143,152,3,172,2,191,201,1
14,72,34,46,9165,61,73,2,93,101,5,124,47,141,153,2,173,2,192,201,0
13,27,32,43,3150,61,73,6,93,102,3,121,56,142,152,2,173,2,191,201,1
13,15,32,44,1838,61,73,3,93,101,3,123,56,143,152,2,173,2,192,201,0
12,14,32,43,687,61,73,6,93,101,5,121,36,143,152,2,173,2,191,201,0
14,45,32,43,3500,63,75,6,93,101,3,123,45,141,152,2,174,2,191,201,0
12,18,32,43,1737,63,73,5,91,101,2,123,39,143,152,2,173,2,192,201,0
12,27,33,45,9306,61,73,3,93,101,6,121,66,143,152,2,172,3,192,201,0
11,45,34,41,9281,62,74,2,94,101,6,123,36,143,151,3,173,2,191,201,0
11,72,34,41,9215,61,75,6,92,101,6,124,87,142,153,3,172,2,191,201,1
14,17,34,40,2090,61,72,6,92,101,6,123,53,143,152,3,174,2,191,201,0
14,54,32,43,3449,63,75,6,93,101,6,123,59,143,152,2,173,2,191,201,0
11,9,32,41,2028,63,71,2,92,101,3,122,35,143,151,2,171,2,192,201,0
14,17,34,40,10842,61,73,2,93,101,6,122,59,143,152,3,172,2,191,201,0
14,18,32,43,3110,62,73,6,92,102,3,121,42,143,152,2,173,2,191,201,0
12,36,33,42,3500,65,72,6,93,101,3,122,44,141,152,2,172,2,191,201,0
12,41,33,41,8948,61,75,2,93,101,3,123,45,143,152,3,174,2,192,201,0
14,18,32,43,1893,61,73,5,93,101,3,123,38,143,152,2,173,2,191,201,0
14,27,32,41,5067,65,73,3,93,101,2,122,47,143,152,2,173,2,192,201,0
12,54,33,40,3338,61,75,6,93,101,6,124,86,141,153,3,173,2,192,201,1
14,9,31,40,1175,65,73,2,93,103,3,121,39,142,152,2,172,3,191,201,0
12,18,32,43,9702,65,71,3,93,101,2,124,78,143,152,2,174,2,192,201,1
14,54,34,43,14349,61,73,3,92,101,3,123,47,142,152,3,173,2,191,201,0
13,27,32,40,2942,61,75,5,92,101,3,123,35,143,152,2,174,2,191,201,0
11,54,34,42,9344,61,72,6,92,102,6,124,35,143,151,3,172,2,192,201,1
12,14,32,49,2087,61,73,3,94,101,2,121,41,141,152,2,173,2,192,201,0
12,23,34,43,2306,65,75,6,93,103,6,121,75,143,152,3,173,2,192,201,0
12,54,30,49,2930,61,75,6,93,101,6,124,92,143,153,2,174,2,192,201,1
12,72,30,49,21632,61,73,3,93,101,3,123,38,143,152,2,173,2,192,201,1
14,36,32,43,4772,61,72,6,92,101,6,122,39,143,152,2,173,2,192,201,0
14,41,32,45,7785,65,75,6,93,101,6,122,72,143,152,6,173,3,192,201,0
14,18,32,43,3257,61,72,3,92,101,3,123,44,141,152,2,173,2,191,201,0
12,18,32,40,1511,64,73,6,94,101,2,121,33,143,152,2,173,2,191,201,0
14,54,32,46,2729,61,73,6,93,101,6,124,56,142,153,2,173,2,192,201,1
14,54,32,43,3591,65,73,6,92,101,6,123,38,143,152,2,173,2,191,201,0
14,54,32,41,12200,61,73,2,92,101,3,122,45,141,152,2,173,2,191,201,0
14,11,34,43,1095,65,75,6,93,101,3,122,69,143,151,3,172,2,192,201,0
11,12,34,410,1746,61,75,5,93,101,6,124,77,141,153,3,174,3,192,201,0
12,63,34,49,8931,61,74,3,92,101,2,121,62,141,152,3,172,2,191,201,0
11,54,32,46,2966,65,75,6,93,101,6,124,60,143,152,2,174,2,192,201,1
11,18,34,41,2289,61,75,6,93,101,6,124,99,143,153,3,174,2,191,201,0
11,63,32,43,5948,61,72,6,93,101,5,123,51,143,152,2,173,2,191,201,1
12,17,33,43,7157,61,74,3,93,101,6,122,77,143,152,2,173,2,191,201,0
14,81,30,41,14154,65,73,3,93,101,3,122,59,143,152,2,172,3,191,201,0
12,45,32,42,5748,61,72,3,94,101,2,122,33,143,152,2,173,2,191,201,0
14,36,32,43,8915,65,72,2,92,101,2,123,66,143,152,3,173,2,192,201,1
14,23,32,43,1820,63,75,6,93,101,5,122,71,142,152,2,173,2,192,201,0
14,27,32,49,2352,62,73,5,92,101,6,122,36,143,151,2,172,2,191,201,0
11,36,32,410,2633,61,75,6,92,103,6,121,87,143,152,2,172,2,192,201,0
11,15,32,43,3473,61,75,5,93,101,6,121,78,143,152,2,172,2,191,201,0
14,18,34,49,2118,61,73,6,92,103,3,121,44,143,152,3,174,2,192,201,0
12,27,34,42,1943,61,72,6,92,101,2,122,41,143,152,3,173,2,191,201,0
12,54,32,46,18918,62,73,2,93,101,6,124,71,143,153,2,173,3,192,201,1
11,27,32,40,3374,62,74,6,93,101,5,123,45,143,152,2,174,3,192,201,0
11,18,30,45,1662,61,74,6,93,101,5,121,42,143,152,3,173,2,191,201,1
14,18,34,43,927,61,75,6,93,101,6,121,84,143,152,2,173,2,191,201,0
11,18,34,41,2114,61,75,6,93,101,5,121,81,143,152,2,173,2,191,201,0
14,18,34,43,1196,65,75,6,92,101,5,122,50,141,152,2,172,3,191,201,1
13,36,34,42,5426,65,75,6,93,102,6,124,30,143,151,3,173,2,191,201,0
12,18,32,40,1977,64,75,6,93,101,6,121,81,143,152,2,173,2,192,201,0
12,81,30,49,23918,61,72,5,93,101,6,124,87,143,151,2,173,2,192,201,1
14,18,34,46,3018,65,74,6,92,101,3,123,92,143,152,2,173,2,191,201,0
12,27,32,49,3933,62,73,6,93,101,6,123,51,143,152,2,173,2,191,201,0
12,54,34,43,3506,61,75,6,93,101,6,121,54,143,152,2,173,2,191,201,0
12,30,33,41,10586,65,74,5,93,101,6,122,54,141,151,3,174,3,192,201,0
14,36,32,40,2204,62,75,6,94,101,6,121,62,143,151,2,172,2,191,201,0
12,54,32,43,3485,61,74,6,93,101,6,123,36,143,151,2,173,2,191,201,0
14,9,33,43,1398,61,73,5,92,101,3,121,36,143,152,2,173,2,191,201,0
12,14,34,42,2879,61,74,6,93,101,5,123,53,143,151,2,173,2,192,201,0
14,18,32,41,3668,65,72,3,94,101,6,123,39,143,151,2,173,2,192,201,0
12,36,34,410,17907,61,73,3,93,102,5,123,59,143,152,3,174,3,192,201,1
14,27,31,40,9687,61,75,3,93,101,6,124,59,141,152,3,174,3,192,201,1
12,18,32,40,9117,61,74,3,93,101,3,123,48,143,152,2,173,2,191,201,0
11,36,32,42,11582,65,72,2,92,101,3,122,45,143,152,2,173,2,192,202,0
12,21,32,49,2115,63,75,2,94,101,3,121,53,143,152,2,173,2,192,201,0
12,9,33,49,2174,62,75,2,91,101,3,123,47,141,152,3,173,3,191,201,0
13,23,32,46,588,61,72,6,92,101,6,122,35,143,151,2,173,2,192,201,0
12,27,32,40,9390,61,74,5,93,101,5,121,42,143,151,2,172,2,191,201,0
14,54,34,40,11783,61,73,6,92,101,3,121,38,142,152,3,173,2,192,201,1
11,18,32,43,2520,63,75,5,94,101,2,121,53,143,152,2,173,2,191,201,0
14,72,34,43,5367,65,75,6,93,101,2,121,71,143,152,2,173,2,192,201,0
11,63,32,43,10761,65,74,6,92,101,5,123,45,143,152,2,174,2,192,201,1
11,15,34,42,3198,65,72,3,92,102,5,121,41,143,151,3,173,2,191,202,0
11,50,34,42,6422,63,73,2,92,101,6,123,35,143,152,3,173,2,191,201,1
12,18,34,40,3549,63,74,5,91,101,5,123,54,143,152,2,174,2,192,201,0
11,32,32,43,2753,61,73,5,92,101,3,121,38,143,152,3,173,2,192,201,1
14,36,34,41,5802,61,75,6,92,101,3,123,62,143,151,3,174,2,192,201,0
14,18,32,42,2652,61,73,5,93,101,3,121,36,143,151,2,172,2,191,201,0
13,15,34,40,1172,61,75,6,93,101,6,124,95,143,153,3,173,2,192,201,0
12,27,32,42,2886,65,72,6,92,101,5,121,41,143,151,2,173,2,191,201,1
11,18,34,40,3182,61,73,6,93,101,3,122,45,143,152,3,173,2,191,201,0
11,18,32,43,1052,61,73,6,94,101,3,121,60,143,152,2,172,2,191,201,0
12,18,32,45,959,61,73,6,93,101,3,123,45,143,152,2,173,2,191,201,1
12,18,34,41,2790,61,71,6,93,101,3,123,51,143,152,3,174,2,192,201,0
11,18,34,40,5249,61,73,5,92,102,3,121,44,143,152,3,173,2,191,201,1
12,72,32,40,12731,65,74,2,92,101,3,123,36,143,152,2,173,2,191,201,0
11,54,33,46,10331,61,73,6,93,101,5,122,44,142,152,2,173,2,192,201,1
14,23,32,42,4062,61,72,3,93,101,5,122,41,141,152,3,172,2,191,201,0
14,27,32,42,2976,61,73,6,93,101,6,124,71,141,153,3,173,2,191,201,0
14,90,32,43,15216,62,74,3,92,101,6,121,32,143,152,2,173,2,192,201,0
14,18,34,43,1860,65,75,6,92,101,3,121,57,143,152,3,173,2,192,201,0
14,41,33,41,12920,64,73,3,93,101,3,123,41,143,152,3,173,2,191,201,0
12,18,32,43,1149,63,73,6,93,101,5,121,99,143,152,2,172,2,191,201,1
12,23,34,43,4092,65,74,6,93,103,3,121,53,141,152,5,173,2,192,201,0
13,18,32,43,2822,61,73,3,92,101,3,123,66,143,151,2,172,2,192,201,0
13,9,32,40,1064,64,72,3,94,101,3,121,41,143,152,2,171,2,191,202,0
12,54,32,43,7193,61,72,6,92,101,2,124,45,143,152,2,174,2,192,201,0
11,41,32,43,5124,61,73,5,93,101,3,123,41,143,152,2,174,2,191,201,0
11,27,32,42,3693,61,73,3,93,101,3,123,33,143,152,2,173,2,191,201,1
14,32,34,42,3432,61,72,6,92,101,6,122,35,143,152,2,173,2,192,201,0
12,72,31,49,5349,62,74,6,93,101,3,123,45,143,152,2,173,2,191,201,0
11,9,34,40,1290,61,75,2,92,101,6,124,59,143,152,3,173,2,192,201,0
14,18,34,40,1023,62,74,6,92,101,5,123,77,143,152,3,173,2,192,201,0
11,54,34,42,8057,61,73,5,93,103,3,122,42,143,152,3,173,2,191,201,0
14,27,34,43,2373,64,75,6,93,101,6,123,69,143,152,3,173,2,191,201,0
14,9,32,43,2019,62,75,3,93,101,6,124,63,141,153,2,173,3,192,201,0
14,15,32,43,2886,61,73,2,93,101,6,122,57,143,152,2,173,2,192,202,0
13,54,32,43,8772,61,73,6,93,101,2,123,36,143,152,2,173,2,191,201,0
12,36,34,41,11637,64,75,3,92,101,6,124,44,143,151,2,173,2,191,201,0
12,36,33,49,10451,62,74,6,93,101,6,123,54,143,151,2,174,2,192,201,0
11,18,32,42,1923,61,73,3,92,101,6,123,30,143,151,2,173,2,191,201,1
11,14,34,45,1932,62,75,5,93,103,6,121,72,143,152,3,173,3,191,202,0
11,18,31,48,509,61,75,6,94,101,2,123,68,141,152,2,172,2,191,201,0
12,36,32,40,5268,62,74,3,93,101,5,123,57,141,152,3,173,2,192,201,0
14,9,34,43,2847,65,73,2,93,101,3,121,51,143,152,3,172,3,191,201,0
14,36,34,43,4308,62,75,5,93,101,6,121,54,143,152,2,173,3,192,201,0
14,27,34,40,1583,61,72,6,92,101,2,122,45,143,152,3,173,2,191,201,0
14,23,32,44,1893,63,74,6,93,101,5,122,54,143,152,3,173,2,192,201,0
12,15,32,40,10962,61,71,3,93,101,6,124,105,141,153,2,174,2,192,201,0
14,54,32,40,1364,63,75,6,93,101,6,122,54,143,152,2,173,2,191,201,0
14,9,32,42,4467,63,73,2,93,101,3,123,48,143,152,2,173,2,192,201,0
11,27,32,42,1697,61,71,6,92,101,3,123,50,143,152,2,173,2,191,201,1
12,17,32,42,2366,64,72,6,92,101,2,121,30,143,152,2,173,2,191,201,0
14,36,32,42,5958,61,74,3,92,101,6,122,38,143,151,2,173,2,192,201,0
12,36,34,49,2903,61,75,6,91,101,6,121,47,143,152,3,173,2,192,201,1
11,23,30,40,1425,61,75,6,93,101,5,123,50,143,151,3,173,3,191,201,1
14,18,32,42,1145,61,73,6,92,101,2,121,39,143,152,2,173,2,192,201,0
12,36,33,42,3096,61,71,5,92,101,3,122,51,143,152,2,174,2,192,201,1
12,12,32,43,2121,61,73,6,93,103,3,121,50,143,152,2,173,2,191,202,0
11,32,33,46,5121,61,72,3,93,101,2,122,39,143,152,3,173,2,191,201,1
14,45,31,41,11228,65,71,6,92,101,2,121,80,141,152,2,174,2,192,201,1
11,18,32,42,3866,61,73,3,91,101,2,123,63,143,152,2,173,2,191,201,0
11,9,34,43,507,63,75,6,93,101,6,123,78,143,152,3,173,2,191,201,0
14,18,32,43,2945,61,74,6,93,101,3,123,47,143,151,3,174,3,192,201,0
11,32,34,40,857,61,75,6,93,101,6,121,98,143,152,3,173,2,191,201,0
14,54,33,49,14358,61,72,2,91,101,2,123,42,143,152,3,173,2,191,201,1
12,54,33,49,6683,61,73,3,91,101,3,121,45,142,152,3,174,2,192,201,1
11,32,31,40,2471,65,73,6,93,101,3,122,60,143,152,3,172,3,191,201,1
14,36,34,42,5666,64,73,6,93,101,6,121,75,143,152,2,173,2,192,201,0
12,27,34,40,1326,61,75,6,93,101,6,123,54,141,152,2,173,3,192,201,1
14,23,34,43,2040,61,73,6,93,101,3,122,47,143,152,3,173,2,191,201,0
12,14,31,41,7694,61,75,3,92,101,6,124,111,141,153,2,174,3,192,201,1
12,24,34,40,1763,61,71,3,93,101,5,123,102,143,153,5,171,2,192,201,0
11,18,32,43,1011,62,74,6,94,101,2,122,30,143,152,2,173,2,191,201,1
12,27,30,42,4866,61,73,2,92,101,6,123,50,141,152,3,173,2,192,201,0
14,36,32,49,6887,64,73,3,93,101,5,122,81,143,152,5,174,2,192,201,1
12,72,30,49,5766,62,74,6,93,101,6,124,51,143,153,2,172,3,191,201,1
12,41,32,49,5873,61,73,6,93,101,3,123,54,143,152,2,173,3,192,201,1
14,9,32,43,3162,61,74,3,94,101,3,121,44,143,151,2,173,2,191,201,0
12,68,32,43,4547,62,73,6,93,103,6,122,32,143,151,2,173,2,191,201,1
12,14,34,46,2252,61,75,3,92,101,5,123,51,143,152,3,174,2,192,201,1
14,9,34,43,2073,61,73,2,92,101,2,123,42,143,152,3,173,2,192,201,0
12,18,32,42,1427,62,72,6,92,101,6,123,41,141,151,6,173,2,191,201,1
12,36,32,41,4140,65,75,6,93,101,6,124,54,141,153,2,173,2,192,201,0
12,27,33,42,6446,61,75,6,91,101,5,124,60,143,152,2,174,2,192,201,1
14,14,34,46,1404,63,75,6,93,101,3,123,78,143,152,3,173,2,192,201,0
11,18,32,40,1752,61,73,6,94,101,5,121,41,143,152,2,172,2,191,201,0
14,41,33,49,7676,61,74,5,93,101,6,123,39,143,152,3,173,2,191,201,0
11,18,32,48,1353,61,74,6,94,101,6,122,32,143,151,2,173,2,191,201,1
14,18,34,40,2243,61,75,6,93,101,2,121,57,143,152,3,172,3,191,201,0
11,45,34,41,15935,61,75,5,93,101,6,124,57,143,153,5,174,3,192,201,0
14,18,34,42,2903,61,75,6,93,101,6,121,65,143,152,5,173,2,192,201,0
12,18,34,44,2136,61,74,6,93,101,5,122,39,143,152,2,173,2,191,201,0
11,36,32,49,9852,61,73,3,94,101,3,123,32,142,152,2,172,2,191,201,0
14,18,32,41,2120,64,74,5,93,101,3,122,83,143,152,2,173,2,191,202,0
14,14,34,43,4611,65,73,2,93,101,3,121,50,143,152,3,173,3,191,201,0
14,54,32,43,5753,65,75,3,92,101,6,121,68,143,152,2,172,2,192,201,0
11,41,30,49,7940,61,71,3,93,101,6,122,75,142,152,3,173,2,192,201,1
13,45,33,49,2862,61,75,6,93,101,6,121,99,143,152,2,174,2,192,201,1
14,54,34,43,5013,65,75,6,93,101,3,123,77,143,152,2,173,2,192,201,0
12,9,34,48,1398,65,74,2,92,101,5,122,59,143,152,3,172,2,191,201,0
11,27,30,49,4656,61,74,5,93,101,2,122,47,141,152,2,173,2,192,201,0
13,54,32,43,5870,61,73,3,93,101,3,121,35,143,152,2,173,2,192,201,0
11,36,32,42,4532,61,73,3,91,101,3,121,36,143,151,2,172,2,191,201,0
14,15,32,40,2046,61,73,3,92,101,6,123,96,143,152,2,173,2,192,201,0
12,18,32,43,938,61,72,6,94,103,2,121,39,141,152,2,172,2,191,201,0
11,18,32,46,1800,65,73,6,92,101,6,122,35,141,151,2,173,2,192,201,0
14,18,32,43,1061,61,73,6,93,101,3,121,45,141,152,3,173,2,191,201,0
14,36,33,49,4467,65,73,6,93,101,6,121,48,143,152,3,173,3,192,201,0
14,23,32,41,6986,61,73,5,93,101,3,123,45,143,152,2,173,2,192,201,0
14,54,30,45,3920,61,73,6,93,101,3,123,41,143,152,3,173,2,191,201,0
12,72,32,43,16442,64,74,2,93,102,3,124,41,141,152,3,173,2,192,201,1
11,18,32,42,11798,61,75,6,93,101,6,124,80,143,153,2,174,2,192,201,1
14,14,32,43,2217,61,74,6,93,101,3,123,33,143,152,2,173,2,191,201,1
11,36,32,42,4724,61,72,6,93,101,2,124,33,141,153,2,173,2,191,201,0
13,54,32,43,6315,61,73,6,93,101,3,123,39,143,152,2,173,2,191,201,1
14,14,32,40,3761,63,75,3,93,101,6,124,77,143,153,2,172,2,191,201,0
14,18,32,43,3212,62,74,5,93,101,2,124,53,143,152,2,173,2,191,201,0
12,27,32,43,1299,61,73,6,94,103,3,121,38,143,152,2,172,2,191,201,0
14,6,34,43,2316,61,74,3,93,101,2,121,63,143,152,5,172,3,191,201,0
11,36,32,43,2735,61,71,6,93,101,3,123,45,142,152,2,174,3,191,201,1
12,9,32,40,21833,65,71,2,93,101,3,122,35,143,152,2,171,2,192,201,1
12,32,32,49,4151,62,75,6,91,101,3,123,92,141,151,3,172,2,191,201,1
14,18,34,43,1937,61,73,6,92,101,3,122,53,143,152,3,173,2,191,201,0
11,45,32,43,3783,61,75,2,93,103,5,122,59,143,152,2,173,3,191,201,0
11,36,32,40,1373,65,75,6,92,101,3,123,44,141,152,2,173,2,191,201,1
14,9,32,43,2393,61,74,5,93,101,3,122,77,143,152,2,173,3,191,201,0
11,72,30,41,6908,61,75,5,93,101,6,124,36,143,153,3,173,3,191,201,1
14,18,34,49,1778,61,73,5,92,101,3,121,41,143,152,3,173,2,191,201,0
14,18,31,48,5171,63,73,6,92,101,5,121,53,143,152,2,172,3,191,201,0
14,36,32,49,1887,61,74,6,93,101,2,121,38,143,152,2,173,2,192,201,0
14,18,34,43,1076,61,75,6,93,101,6,121,78,143,152,5,173,2,191,201,0
14,9,30,40,1806,62,73,6,93,101,2,124,53,141,151,2,173,2,191,202,0
13,36,32,42,2888,61,73,3,93,101,3,121,39,143,152,2,173,2,191,201,0
14,27,32,43,650,61,71,5,92,102,6,121,33,143,151,2,173,2,191,201,1
11,9,34,40,999,64,74,5,92,101,6,121,59,143,152,3,172,2,192,201,0
13,18,32,42,3377,61,73,2,92,101,3,123,69,143,152,2,172,2,191,201,0
12,45,32,40,3225,61,73,6,92,103,3,124,36,141,152,2,173,2,191,201,1
14,36,33,42,6227,62,73,3,93,101,5,122,53,143,152,3,173,2,191,201,0
12,14,32,42,3045,65,74,3,93,101,2,123,36,143,152,2,173,2,192,201,0
12,90,33,43,11127,65,73,2,93,101,2,121,41,143,152,2,172,2,191,201,0
14,36,34,43,4026,61,73,6,93,101,3,121,53,143,152,3,172,2,191,201,0
11,18,31,43,3224,61,73,6,91,101,2,124,44,143,153,2,173,2,191,201,1
14,23,32,41,5718,62,72,2,92,101,6,123,35,143,152,2,173,2,192,201,0
14,17,34,43,1731,62,71,6,92,101,6,121,86,143,152,5,172,2,191,201,0
11,18,32,42,2486,61,73,3,93,101,3,121,41,143,152,2,173,2,191,201,0
11,36,32,43,2405,61,75,6,92,101,6,123,83,143,152,2,173,2,191,201,0
11,27,34,40,7953,61,75,3,93,101,6,124,54,143,153,5,174,2,192,201,0
14,18,34,46,4122,61,75,3,92,101,6,124,86,141,153,5,172,2,191,201,0
14,15,34,40,1847,61,75,5,93,101,6,121,48,143,152,3,172,3,191,202,0
12,23,32,43,1203,61,75,6,93,101,5,123,56,143,152,2,173,3,191,201,1
14,54,34,49,9456,65,75,6,93,101,6,121,54,143,152,3,173,2,191,201,0
14,36,32,43,2300,61,72,6,92,101,5,123,57,142,152,2,173,2,192,201,0
11,21,32,40,13467,61,75,2,91,101,6,122,68,143,152,2,174,2,192,202,1
14,36,32,43,1499,65,75,6,93,101,3,123,38,143,152,3,173,2,191,201,0
14,27,32,40,3993,65,74,6,93,101,5,122,48,143,152,2,173,2,191,202,0
14,18,34,42,2103,63,74,5,92,101,6,123,56,143,151,2,173,2,192,201,0
12,72,31,40,18254,65,71,6,93,102,6,124,54,143,153,2,174,2,192,201,0
12,72,32,43,4590,61,74,6,93,101,6,121,42,143,152,3,173,2,191,201,1
11,45,32,45,17997,61,72,2,91,101,2,124,51,143,152,2,172,2,192,201,1
14,14,32,43,4046,61,73,2,93,101,3,121,48,143,152,2,173,3,191,201,0
14,27,34,43,3606,61,73,3,92,101,3,123,39,143,152,3,173,2,191,201,0
11,18,32,42,1893,65,75,3,91,101,6,122,74,143,152,2,172,2,192,201,0
14,9,32,42,6917,61,72,2,92,101,6,122,48,143,152,2,173,2,191,201,1
14,36,32,43,2852,62,73,6,93,101,6,123,44,143,151,2,174,2,192,201,0
14,23,34,41,5052,64,75,5,93,101,6,124,35,143,151,3,173,2,192,201,0
14,18,32,42,2361,61,73,6,93,101,3,121,75,143,152,2,173,2,191,201,0
13,27,31,43,2168,65,74,6,93,101,6,123,74,141,152,2,172,2,191,201,0
14,23,34,42,2280,65,75,6,93,101,6,122,95,143,152,2,173,2,191,201,0
12,36,34,40,5817,62,72,6,91,101,3,123,56,143,152,2,173,2,192,201,0
11,71,32,40,16083,61,72,2,92,101,2,121,53,143,152,2,172,2,192,201,0
11,72,32,41,7182,61,74,6,93,101,5,122,39,143,152,2,173,3,191,201,0
12,72,33,410,11373,62,71,3,93,101,6,124,47,143,153,2,174,2,192,201,0
12,18,32,43,1638,61,73,6,92,103,6,121,74,143,152,3,173,2,192,201,0
11,36,33,43,1536,61,72,6,94,101,6,121,72,142,152,2,173,2,191,201,1
14,18,32,49,1614,61,73,3,94,101,3,121,39,143,152,2,173,2,192,202,0
12,54,32,41,14097,61,72,2,94,101,6,123,42,143,151,2,174,2,192,201,1
11,36,34,41,9629,61,75,3,92,101,6,124,66,143,153,3,174,3,192,201,0
13,63,34,41,7194,61,75,6,93,101,6,124,84,143,153,2,173,2,191,201,0
14,72,34,49,11444,65,75,6,91,101,3,123,69,141,152,3,174,3,191,201,0
12,72,32,42,14940,61,72,2,92,101,3,123,39,143,152,2,173,2,192,201,1
14,18,32,41,7013,65,72,2,92,101,6,123,30,143,151,2,173,2,191,201,0
14,15,32,40,1931,65,75,6,93,102,3,122,68,143,152,2,172,2,191,202,0
14,27,32,42,3773,61,73,5,93,101,6,121,65,143,152,2,173,2,192,201,0
12,32,34,42,4118,64,74,5,93,101,3,123,48,143,152,3,173,2,192,201,0
14,9,32,40,1008,61,71,2,92,101,6,121,81,143,152,2,171,2,192,201,0
12,54,30,43,5706,61,73,6,92,101,2,123,63,143,152,2,173,2,192,201,1
13,36,34,40,2016,65,74,6,93,101,3,121,56,141,152,3,172,3,191,201,1
11,15,34,40,1557,61,74,6,93,102,5,122,74,143,152,3,173,2,192,201,0
14,72,34,40,15191,63,73,3,93,101,3,124,66,141,153,2,173,2,191,201,1
14,9,32,42,2315,64,73,6,91,101,3,121,50,143,152,2,173,2,191,201,0
14,45,32,41,7217,65,74,3,92,101,6,122,36,142,151,2,172,2,191,201,0
11,18,32,43,1091,62,72,6,94,101,5,124,50,143,152,2,172,2,192,201,1
12,12,32,42,1856,61,73,5,92,101,6,121,36,143,152,2,173,2,191,201,1
12,14,32,40,414,61,73,6,94,101,6,121,33,143,151,2,172,2,191,201,0
12,72,32,410,8072,65,71,5,93,101,6,124,60,141,153,2,171,2,192,201,0
14,36,32,42,8267,62,73,6,93,101,2,123,38,142,152,2,173,2,191,201,0
13,36,32,42,5624,61,72,3,92,101,6,123,39,143,152,2,173,2,191,201,0
12,18,32,40,1028,61,74,3,94,101,5,123,38,141,152,2,172,2,191,201,1
13,6,32,40,2241,65,72,2,93,101,3,121,44,143,152,2,172,3,191,202,0
11,54,31,42,4119,61,75,6,93,101,6,123,47,141,152,2,173,2,191,201,1
11,18,32,42,1062,61,73,3,93,103,5,122,57,143,152,2,172,3,191,201,0
12,36,32,42,6527,65,73,2,92,101,6,122,72,143,152,2,172,2,192,201,0
14,18,34,46,1052,61,73,6,93,101,3,123,48,143,152,3,173,2,191,201,0
11,23,33,42,5465,61,75,2,92,101,6,122,41,143,152,3,172,2,191,201,0
12,45,34,40,6374,61,71,6,94,101,3,123,42,143,152,3,174,2,191,201,1
11,36,32,43,2907,61,72,6,91,101,5,122,48,143,152,2,173,2,191,201,1
11,36,32,41,4365,61,74,3,93,101,2,124,51,143,153,2,174,2,192,201,0
11,27,32,42,3989,64,73,6,93,101,3,123,42,143,152,2,173,2,191,201,0
14,27,34,40,1542,61,73,6,92,101,5,121,54,143,152,3,173,2,191,201,0
11,12,34,40,5097,61,74,2,93,101,6,121,59,143,152,3,172,2,191,202,0
14,18,34,42,8702,65,75,3,93,101,6,122,74,143,151,2,173,2,192,201,0
14,36,32,40,2288,64,74,6,92,101,5,123,51,143,152,2,173,3,192,201,0
13,54,32,43,6710,61,75,6,93,101,3,123,47,143,152,2,173,2,191,201,0
12,9,32,43,1602,61,75,6,93,101,6,123,42,143,152,2,173,3,191,201,0
11,36,34,41,9923,61,71,3,93,101,6,124,113,143,153,3,174,2,192,201,0
14,27,34,46,2796,62,73,6,92,101,3,121,45,143,152,3,173,2,191,201,1
12,90,32,40,11112,62,72,6,92,101,3,122,36,143,152,2,174,2,191,201,1
14,72,34,41,17385,62,73,3,92,101,6,123,36,141,151,3,172,2,191,201,1
11,36,30,42,6165,61,75,5,93,101,6,124,35,141,151,3,173,3,191,201,1
11,9,34,42,5076,61,73,2,91,101,6,121,66,143,151,2,174,2,192,201,1
12,20,32,43,3152,61,72,3,92,103,6,122,35,143,152,2,172,2,191,201,0
11,23,32,44,1913,65,73,6,92,101,3,123,36,143,151,2,173,2,191,201,1
11,36,32,42,6254,61,73,6,93,101,6,122,42,143,152,2,173,2,191,201,0
12,15,32,42,2282,61,73,6,91,101,3,123,47,143,152,2,172,2,191,201,0
12,36,34,46,8615,61,72,3,92,101,6,124,36,143,153,3,173,2,192,201,0
11,32,32,42,5399,61,74,2,92,101,6,123,39,143,151,2,172,2,191,201,0
12,27,32,43,4820,63,72,2,94,101,5,121,38,143,151,2,173,2,191,201,0
12,27,32,49,6659,61,75,2,93,102,2,121,50,141,152,2,174,2,192,201,0
13,15,32,40,5924,61,72,2,93,103,2,122,56,143,152,2,172,3,191,201,0
14,23,34,43,2189,61,73,6,92,101,3,123,65,143,152,2,172,2,191,201,0
12,20,34,43,1323,61,72,6,93,103,6,121,35,143,152,3,173,2,191,201,0
12,36,32,43,5637,63,71,2,92,101,6,124,35,143,151,2,171,2,191,201,0
14,9,33,49,2615,62,73,2,93,101,3,121,51,143,152,3,172,2,191,201,0
12,14,34,46,1704,64,75,6,93,101,5,124,48,143,153,3,173,3,191,201,1
14,14,32,44,1854,61,72,2,92,101,6,121,35,143,151,2,173,2,192,201,0
12,14,32,42,1439,61,73,2,92,101,3,123,44,143,152,2,173,2,191,202,1
14,27,34,41,4844,65,71,3,93,101,6,124,57,143,152,2,174,2,192,201,0
11,18,30,43,9299,61,73,6,93,101,3,122,42,143,151,3,173,2,192,201,1
14,15,32,46,1091,63,75,6,93,101,6,124,69,143,153,2,173,2,192,201,0
12,36,32,40,1869,61,72,6,93,101,3,121,35,142,152,2,172,2,191,201,1
14,18,34,43,3497,65,75,2,93,102,6,121,74,143,152,2,173,2,192,201,0
14,54,33,43,6695,61,73,6,93,101,3,123,39,143,152,3,174,2,192,201,1
14,18,32,43,1164,61,73,6,94,101,3,121,42,143,152,2,173,2,191,201,0
11,45,32,42,3609,61,74,6,92,101,6,121,35,143,151,2,173,2,191,201,1
12,27,32,46,1859,65,73,6,93,101,6,124,92,143,153,2,173,2,191,201,0
13,18,32,43,5099,65,75,3,93,101,5,123,56,143,152,2,174,2,191,201,0
13,18,33,40,3371,61,73,3,92,101,3,123,54,142,152,3,173,2,192,201,0
14,9,32,42,2649,61,73,2,94,101,3,122,32,143,151,2,173,2,191,201,0
11,27,32,42,3710,61,71,6,93,101,2,123,38,143,152,2,171,2,191,201,1
14,18,32,49,2313,61,74,3,93,101,6,123,54,143,152,2,173,2,192,201,0
14,27,34,41,5775,61,74,5,93,101,2,123,41,143,152,3,173,2,191,201,0
11,27,32,42,5475,61,72,2,92,101,6,123,33,143,151,2,173,2,191,201,0
11,54,32,42,5169,61,75,6,93,101,3,123,63,143,152,2,173,3,191,201,1
12,27,32,42,4502,61,74,3,92,101,6,121,60,143,151,2,173,2,191,201,0
14,54,32,40,4619,65,73,6,93,101,6,121,54,143,152,2,173,2,191,201,0
14,27,34,43,9105,61,75,5,93,101,6,123,50,143,152,3,173,2,192,201,0
14,15,34,42,3219,61,72,2,92,101,5,121,35,143,151,3,173,2,191,201,0
14,90,34,40,20634,65,75,3,93,101,6,124,95,141,153,2,174,2,192,201,0
12,90,31,410,22173,62,75,5,92,101,6,124,90,141,153,3,174,2,192,201,1
11,72,31,49,11528,61,74,3,92,103,6,123,56,143,151,2,173,2,191,201,1
14,27,33,43,3480,61,71,3,94,101,5,121,51,143,152,3,173,2,191,201,0
14,11,33,43,1269,65,75,5,93,101,6,124,54,143,153,2,173,2,191,201,0
12,54,32,40,21477,61,75,6,93,101,3,124,86,143,153,2,174,2,192,201,1
14,9,34,40,543,62,73,6,92,101,6,123,78,143,152,3,172,2,191,201,0
11,30,32,42,3318,65,74,6,93,101,6,123,59,143,152,2,173,2,192,201,0
12,27,32,41,19464,61,71,5,92,101,6,124,57,143,153,2,174,2,192,201,1
14,33,32,40,1925,65,74,6,92,101,6,122,38,143,151,2,173,2,191,201,0
13,18,32,40,1995,61,72,6,93,101,2,121,39,143,152,2,173,2,191,201,0
14,45,33,49,6408,62,73,3,93,101,3,122,39,143,152,3,172,2,191,201,0
14,27,34,43,3357,61,73,3,92,101,2,123,38,143,152,3,173,2,191,201,0
14,27,32,43,1689,65,72,6,92,101,3,121,32,143,151,2,173,2,192,201,0
12,27,34,42,11061,61,71,6,93,101,6,122,60,142,152,3,174,2,192,201,0
12,23,34,49,3489,63,73,3,93,101,6,123,41,141,152,2,173,2,191,201,0
14,14,32,49,2174,61,74,5,92,101,3,123,41,143,152,3,173,2,191,201,0
14,27,32,40,2730,61,73,3,94,101,3,122,45,143,152,2,174,2,192,201,0
12,18,32,42,1475,64,72,2,92,101,6,121,29,143,151,2,172,2,191,201,0
11,54,32,40,4874,61,74,3,93,101,6,124,59,141,153,2,174,3,192,201,0
11,9,34,43,2936,61,74,2,92,101,6,123,47,143,152,2,173,2,191,201,0
14,14,34,42,3609,61,71,3,93,101,5,123,47,143,152,2,174,2,191,201,0
12,59,33,46,17640,62,74,3,93,101,5,124,48,143,151,2,173,2,192,201,0
11,18,32,42,3867,61,71,5,92,101,6,124,83,143,153,2,174,2,191,201,0
11,54,34,42,3522,61,73,5,94,101,3,122,69,143,152,3,173,2,192,201,0
12,18,32,40,1835,61,75,2,91,101,2,121,69,143,151,3,173,2,191,201,1
14,36,34,43,2274,64,73,6,92,101,2,121,65,143,152,3,172,2,191,201,0
14,27,32,43,2210,61,72,5,94,101,6,121,59,143,152,2,173,2,192,201,0
12,27,34,49,2831,65,73,6,94,101,6,121,42,141,152,3,173,2,191,201,0
14,36,33,49,12972,61,72,3,93,101,3,123,41,141,152,3,173,2,192,201,1
14,21,33,40,1203,61,73,6,93,101,3,123,41,143,152,3,172,2,191,201,0
12,27,33,40,4349,65,75,6,93,101,6,123,65,143,152,2,173,3,191,201,0
12,36,32,43,3059,61,72,2,94,101,2,122,33,143,152,2,173,2,192,201,1
14,36,34,41,3296,65,74,6,93,101,6,123,65,143,152,3,173,3,192,201,0
11,23,32,43,1580,61,72,6,94,101,3,121,41,143,152,2,173,2,191,202,0
14,36,32,43,4853,63,75,5,91,101,3,123,39,143,152,2,174,2,192,201,0
13,18,34,40,1409,63,74,6,94,101,3,121,42,143,152,5,173,2,192,201,1
12,36,32,43,2951,61,75,6,92,101,6,123,30,143,152,2,173,2,192,201,0
14,50,34,41,10880,61,74,5,93,101,3,123,53,143,152,3,174,2,192,201,0
14,18,34,49,3438,61,71,6,93,101,3,123,63,142,152,3,174,2,192,201,1
14,15,32,40,2396,63,73,5,93,101,3,124,60,143,151,2,172,3,191,202,0
11,36,32,40,2072,65,73,6,92,101,3,122,53,143,152,2,173,2,191,201,1
14,54,34,41,8763,61,75,3,93,101,3,122,53,143,152,3,173,3,192,201,0
11,18,32,40,3869,61,72,6,93,101,2,121,50,143,152,2,172,3,191,201,1
11,27,33,46,12707,65,73,2,92,101,3,123,35,143,151,3,173,2,192,201,0
14,32,32,40,4173,63,74,2,92,101,3,123,47,141,152,2,174,2,191,201,0
12,27,32,40,1563,65,73,6,92,101,3,122,50,143,152,2,173,2,191,201,1
14,23,32,40,4779,64,74,3,92,101,5,123,30,143,151,2,173,2,191,201,0
12,18,32,41,3042,65,73,6,93,101,3,123,45,143,152,2,173,2,191,201,0
12,18,34,40,1437,61,74,3,93,101,5,121,71,143,152,3,172,3,191,201,0
14,32,33,42,2387,62,74,6,93,101,5,121,51,143,152,3,174,2,191,201,0
12,18,32,42,4143,65,75,2,92,101,3,122,38,141,152,2,173,2,192,201,1
12,27,32,41,4169,61,73,2,94,101,5,123,32,143,151,2,173,2,192,201,0
14,42,34,43,4115,61,75,6,93,101,3,123,44,143,152,3,173,2,191,201,0
14,27,34,43,1724,64,73,6,93,101,5,121,69,143,152,3,173,2,191,201,0
14,14,32,42,1970,61,75,2,93,101,6,123,30,143,152,2,173,2,191,201,0
11,27,34,45,1785,61,71,3,92,101,6,124,83,143,153,5,171,3,191,201,1
14,8,32,49,5172,61,74,2,93,101,6,121,111,143,152,2,172,2,191,201,0
12,36,32,410,16992,61,73,3,93,102,5,123,44,141,152,3,174,2,192,201,1
11,9,34,42,2808,61,71,6,93,101,6,124,54,143,153,5,174,2,192,201,0
14,36,34,45,3087,61,73,6,91,101,3,121,50,143,152,3,173,2,192,201,0
11,14,32,42,3204,61,73,5,93,101,3,121,38,143,152,2,173,2,191,201,0
12,18,32,43,2226,65,73,3,94,101,2,121,38,143,152,2,173,2,192,201,1
14,9,32,45,990,63,74,3,94,101,6,121,35,143,151,2,172,2,191,201,0
14,36,34,40,1931,64,75,6,92,101,6,121,56,143,152,3,173,2,192,201,0
11,63,34,45,5091,61,71,6,93,102,6,123,98,143,152,3,171,2,191,201,0
13,18,31,49,914,61,72,6,92,101,2,121,39,143,152,2,171,2,191,201,1
14,18,32,40,2826,61,75,6,93,101,6,123,59,143,152,2,174,2,192,201,0
11,18,32,42,2430,61,73,3,92,102,5,122,45,143,152,2,173,2,191,201,0
12,30,33,410,3944,61,73,3,93,101,5,123,44,141,152,3,173,2,192,201,0
14,18,32,46,1079,61,75,6,93,101,6,123,62,141,152,2,172,3,191,201,1
12,72,34,42,7644,61,73,3,92,101,5,123,45,143,152,2,174,2,192,201,1
14,14,34,46,1866,65,75,6,92,101,6,122,62,143,151,3,172,2,191,201,0
11,54,32,40,2763,61,72,6,92,101,6,123,51,143,152,2,173,2,192,201,1
12,11,32,43,3864,61,73,3,93,103,3,121,53,143,152,2,173,2,191,201,0
13,18,32,42,2136,65,75,5,92,101,6,121,83,143,152,2,174,2,192,201,0
12,23,33,45,2268,64,73,5,94,101,5,122,92,142,152,3,173,2,191,201,1
14,54,34,41,16581,65,73,6,93,101,3,123,45,143,152,2,174,2,192,201,0
14,9,32,43,777,61,73,5,92,101,2,121,44,143,152,2,173,2,191,201,0
14,18,30,42,4139,61,75,3,93,101,6,122,51,143,152,3,173,2,191,201,0
14,36,32,41,4005,61,75,6,93,101,6,123,53,143,152,2,174,2,192,201,0
11,36,32,40,7226,61,74,3,93,102,5,122,47,143,152,2,173,2,192,201,1
14,36,32,41,4019,61,72,6,92,101,2,124,44,143,152,2,174,2,192,201,0
11,17,34,40,5858,61,73,3,93,101,3,121,54,143,151,3,173,3,191,201,0
11,18,32,41,5079,61,75,5,93,101,6,124,53,143,153,2,173,2,192,201,1
11,9,32,44,515,61,72,6,92,101,2,121,41,143,152,2,173,2,191,201,0
14,27,32,43,6891,61,72,5,93,101,3,123,48,143,152,2,173,2,192,201,0
11,54,32,42,5430,61,73,2,93,103,3,122,56,143,152,2,173,3,191,201,0
11,23,32,40,2582,61,72,3,93,101,5,121,54,143,152,2,173,2,191,201,0
12,18,32,42,4526,61,72,5,92,101,2,121,51,143,151,2,174,2,191,201,0
12,18,32,48,1131,65,75,6,93,101,6,122,57,143,152,3,173,2,191,201,0
14,27,32,49,2925,61,74,6,93,101,2,123,51,142,152,3,173,2,192,201,0
11,36,32,41,4386,61,73,5,93,103,6,124,95,141,152,2,173,3,192,201,0
11,36,33,43,2489,61,72,6,92,101,3,123,44,143,151,2,172,2,192,201,1
14,72,33,43,10857,65,75,5,93,101,5,123,48,141,152,3,173,3,191,201,0
14,50,33,49,4146,61,73,3,92,101,3,123,39,143,152,3,173,2,192,201,0
14,36,33,41,7019,61,74,5,93,101,5,123,53,143,152,3,172,2,192,201,0
12,36,32,43,4638,62,72,5,94,101,3,123,33,143,151,2,173,2,192,201,1
11,9,32,46,672,61,72,6,92,101,6,122,35,143,152,2,173,2,191,201,1
11,14,32,40,981,61,73,6,93,101,5,123,42,143,152,2,172,2,191,201,1
14,9,32,48,1857,65,71,6,93,101,6,122,54,143,152,2,174,3,192,201,0
12,27,34,43,1868,61,73,6,94,101,3,123,50,143,152,2,173,2,191,201,1
11,27,30,42,4671,61,72,2,92,101,6,122,39,143,151,2,173,2,191,201,1
14,59,32,41,3854,63,73,6,93,101,6,123,36,143,152,2,173,2,191,201,0
13,36,32,43,7728,61,74,6,93,101,3,123,38,141,152,2,173,2,191,201,0
12,18,32,49,1556,62,74,5,93,101,6,121,59,143,152,2,172,2,191,201,0
11,23,34,42,2217,61,75,6,93,101,6,123,66,143,152,3,173,3,192,201,0
12,18,34,43,5360,61,73,2,92,101,2,121,35,143,152,2,172,2,191,201,0
12,36,32,40,1802,61,72,6,93,101,2,122,39,143,152,2,173,2,191,201,0
11,45,32,42,5433,64,75,6,92,101,6,122,86,143,151,3,173,2,192,201,0
14,23,33,42,1440,64,74,5,92,101,3,122,45,143,152,3,173,2,191,201,0
14,18,34,40,1745,63,73,6,93,101,6,121,66,143,152,2,173,2,192,201,0
12,9,33,40,1814,61,71,6,93,101,6,122,71,143,152,2,174,2,192,201,1
14,18,32,43,4616,61,73,3,93,101,6,123,78,143,152,2,173,2,192,201,0
14,36,32,40,5636,61,75,6,92,102,6,124,93,143,153,2,173,2,192,201,0
14,15,32,40,2127,62,73,5,93,101,3,121,53,143,151,2,172,2,191,202,0
14,9,32,40,5277,61,73,3,93,103,5,122,39,143,151,2,173,2,191,201,0
14,18,34,43,2901,61,75,3,93,101,3,124,39,143,152,3,173,2,191,201,0
12,41,30,49,12477,61,75,3,92,101,6,124,63,143,153,3,174,2,192,201,1
14,9,34,43,1856,62,73,2,92,101,2,122,41,143,152,3,173,2,191,201,0
12,9,32,43,552,65,75,6,93,101,6,122,57,143,152,2,173,2,191,201,0
11,18,34,40,3183,61,73,5,93,101,3,121,59,143,151,3,172,3,191,202,0
11,36,32,42,4494,65,73,3,94,101,6,123,30,143,152,2,173,2,191,201,1
12,54,32,42,13551,62,72,6,93,102,2,124,44,143,151,2,174,2,192,201,1
14,36,34,42,2378,61,74,6,93,101,5,122,60,143,152,3,173,2,191,201,0
12,27,32,43,1952,61,75,6,94,103,3,121,48,143,152,2,172,2,191,201,0
13,9,34,40,1985,62,75,3,91,101,6,123,42,143,152,3,173,3,192,201,0
11,36,32,40,4685,61,72,6,92,101,2,122,41,143,152,2,173,2,191,201,1
11,54,32,41,8240,61,75,3,93,101,6,124,63,143,153,2,173,3,191,201,0
13,14,32,43,1689,62,75,3,91,101,6,121,74,143,152,2,173,2,191,201,0
12,36,34,43,1824,62,72,6,93,101,6,124,57,141,152,3,173,3,191,201,1
11,36,32,40,1811,61,72,6,92,101,6,122,36,143,151,2,173,2,191,201,1
14,15,32,40,1964,65,73,6,93,103,6,122,41,143,152,2,172,2,191,201,1
13,23,34,41,3540,63,73,3,93,101,3,123,54,143,152,2,173,2,192,201,0
12,23,31,40,10275,62,71,2,93,101,3,122,51,143,152,2,174,3,192,201,1
14,36,32,43,2120,61,73,6,94,101,3,122,42,143,152,2,173,2,191,201,0
14,59,32,41,12882,62,75,6,93,101,3,123,68,143,152,2,174,2,192,201,0
11,18,32,40,1139,61,74,6,93,101,3,121,39,143,152,2,173,2,191,201,1
14,54,32,41,7029,61,73,3,93,101,3,124,48,143,153,2,174,2,192,201,0
13,23,32,49,4031,61,74,3,93,101,6,122,39,143,151,2,173,2,192,201,0
12,18,33,43,878,61,73,6,94,102,6,121,30,143,151,3,173,2,191,201,0
14,36,32,40,3383,65,72,6,93,101,2,122,81,143,152,2,173,2,191,201,0
11,9,34,40,914,61,74,6,92,101,5,122,56,143,152,3,173,2,191,202,0
11,9,34,40,2042,61,72,3,93,101,6,121,60,143,152,2,172,3,191,202,0
14,54,34,42,10691,61,72,3,92,101,6,122,35,143,151,3,173,2,192,201,1
11,9,32,40,1805,62,75,5,93,101,3,122,65,143,152,2,173,2,192,201,0
14,9,34,43,1050,65,75,6,93,101,6,124,54,143,153,3,173,2,191,201,0
14,36,34,45,8261,61,75,5,93,101,6,124,66,143,153,3,173,2,191,201,0
11,27,32,43,4785,61,73,3,92,101,3,121,36,143,152,2,173,2,191,201,1
11,72,30,42,10679,61,73,5,93,101,6,124,80,143,153,3,173,3,191,201,1
14,36,32,41,5232,62,74,5,92,101,6,123,35,143,152,2,173,2,191,201,0
12,27,32,43,1670,61,73,6,92,103,6,121,39,143,152,2,172,3,191,201,0
12,39,32,41,11949,61,72,3,93,101,5,123,45,143,152,3,173,2,191,201,0
14,23,34,46,2298,62,73,6,92,101,5,123,47,143,152,2,173,2,191,201,0
14,6,34,43,2255,61,74,3,93,101,2,121,63,143,152,3,172,3,191,201,0
11,54,32,43,3453,61,73,6,91,101,6,123,47,143,151,2,173,2,191,201,1
11,9,32,40,993,61,72,5,93,101,6,121,62,143,152,2,172,3,192,201,0
12,54,32,46,3410,61,74,5,93,101,2,123,48,143,152,3,173,3,191,201,0
12,23,32,40,3947,62,73,3,92,101,6,123,42,143,151,3,173,2,192,201,1
14,18,33,41,2255,61,73,6,94,101,6,121,62,143,151,2,173,2,191,201,0
14,36,32,43,1967,62,74,6,94,101,5,122,39,143,152,2,173,2,192,201,0
14,36,32,43,4658,65,72,6,93,101,3,123,38,143,152,3,173,2,191,201,0
13,32,34,46,3479,61,72,3,91,101,2,123,50,143,151,2,173,2,191,201,1
11,9,32,40,2061,65,71,6,92,101,5,122,113,143,152,2,174,2,192,201,0
12,27,34,42,5418,61,75,5,92,101,6,122,56,143,152,2,173,2,192,201,0
11,72,32,40,11645,61,75,6,93,101,6,124,63,141,153,2,174,2,191,201,1
13,27,32,42,4574,61,72,2,92,101,2,122,68,142,152,2,172,2,191,201,0
12,18,32,43,2301,61,72,2,94,101,2,121,35,143,151,2,173,2,191,201,1
14,36,33,40,3048,61,75,6,93,101,6,124,90,143,153,3,173,2,192,201,0
11,45,32,42,9525,65,75,6,93,101,6,122,47,143,152,2,173,2,191,201,1
13,27,32,42,4296,61,73,3,93,101,2,121,51,143,152,2,172,3,191,201,1
14,18,34,40,1883,61,75,6,93,101,6,121,92,143,152,3,172,2,191,201,0
11,36,33,40,2000,61,71,6,93,101,3,121,65,143,153,3,173,3,191,201,1
14,36,34,40,3033,61,73,6,92,101,6,123,56,143,152,2,173,2,192,201,0
14,36,32,43,2328,61,74,5,93,101,2,123,48,141,152,2,173,3,191,201,0
11,18,31,43,939,61,73,6,92,101,6,121,36,141,152,2,172,2,191,201,1
14,72,34,41,13287,65,74,3,93,101,2,124,53,143,153,3,173,2,192,201,0
14,18,34,45,1494,65,74,6,92,101,6,121,35,143,152,3,173,2,191,201,0
14,9,31,43,2625,63,75,3,93,101,6,122,68,141,152,2,172,3,191,201,0
11,72,32,43,10499,61,74,2,94,103,2,121,51,143,152,3,173,2,192,201,1
12,18,34,40,2993,62,72,6,93,101,2,123,41,143,152,2,173,2,191,201,0
12,14,32,46,1799,61,74,6,92,101,6,122,101,143,152,3,174,2,192,201,0
12,18,32,43,1997,61,72,3,93,101,2,123,33,142,152,2,173,2,191,201,1
12,27,30,40,3417,62,72,5,92,101,5,123,42,143,152,3,173,2,191,201,1
14,32,30,40,7505,65,73,2,92,101,6,122,44,141,152,3,173,2,192,201,1
11,36,31,42,5328,61,74,5,93,101,6,123,41,141,152,2,173,2,191,201,1
12,27,34,42,2892,61,72,3,93,101,3,121,47,143,152,3,172,2,191,201,1
11,36,32,41,4446,65,75,6,93,101,6,124,74,141,153,2,173,3,192,201,0
11,36,31,43,2319,61,74,6,93,103,6,123,36,141,151,2,172,2,191,201,1
13,9,33,43,1025,61,72,3,92,101,2,122,44,141,152,2,173,2,191,201,0
12,54,32,40,18584,65,73,2,93,101,6,124,56,143,153,2,173,2,192,201,1
12,36,33,49,7068,65,73,6,93,101,3,122,56,141,152,3,174,2,192,201,0
12,36,33,43,2330,62,74,5,92,101,3,122,35,143,151,3,173,2,192,201,0
11,18,32,40,2058,61,74,3,91,101,5,123,54,143,152,2,173,2,191,201,1
14,36,34,43,3867,64,75,3,93,101,3,123,51,143,152,2,173,2,191,201,0
12,72,32,43,5969,65,74,6,93,101,2,123,62,143,152,3,173,3,192,201,0
11,72,32,43,10137,61,73,5,92,101,3,123,47,143,152,2,173,2,192,201,1
11,36,32,42,4851,61,72,6,92,101,6,121,35,143,151,2,172,2,192,201,1
14,45,34,43,8931,61,74,5,93,102,3,123,57,143,152,2,173,2,191,201,0
14,36,32,41,8150,65,71,3,92,101,6,122,39,143,151,2,174,2,192,201,0
11,23,32,49,1209,61,73,6,92,101,6,122,33,143,152,2,172,2,191,201,0
12,14,32,43,1623,61,75,6,93,101,6,123,41,143,152,3,172,2,191,201,0
14,23,34,42,4182,61,74,3,92,102,5,123,36,141,152,3,173,2,191,201,0
12,18,32,43,4395,61,74,3,92,101,2,121,41,143,152,2,173,2,191,201,0
14,36,34,46,2891,65,73,5,92,101,3,123,50,143,152,3,173,2,192,201,0
12,54,34,40,4230,61,72,6,91,101,6,123,41,143,152,3,173,2,191,201,1
14,36,32,48,1406,61,72,6,94,101,5,123,41,143,152,3,172,2,191,201,0
12,27,34,40,1584,61,75,5,93,103,5,121,45,141,152,3,173,2,191,201,1
12,18,34,40,4686,61,72,2,93,101,5,121,74,141,152,3,172,3,191,201,0
14,14,32,42,2082,61,73,6,92,101,3,121,39,143,151,2,173,2,191,201,0
12,54,32,45,3576,61,72,6,93,101,2,124,50,143,151,2,172,2,191,201,1
14,18,32,40,3200,65,75,6,92,101,6,124,78,143,153,2,174,2,192,201,0
11,27,32,42,3059,61,73,2,92,101,6,121,30,141,151,2,173,2,191,201,1
11,14,34,40,4199,61,73,3,93,101,3,121,54,143,151,3,173,3,191,201,0
11,18,32,42,1934,61,73,6,93,103,2,122,32,143,152,2,172,2,191,201,0
11,27,32,44,1826,61,73,6,94,101,5,121,71,143,152,2,172,2,192,201,1
11,18,34,42,3369,61,75,5,93,101,5,122,90,143,152,3,173,2,191,201,1
11,18,34,43,578,61,74,6,92,101,5,121,87,143,152,6,172,2,192,201,0
12,36,33,40,2948,65,73,6,92,101,6,123,63,143,151,3,173,2,192,201,0
14,32,32,49,2358,64,75,6,92,101,6,121,54,141,152,2,172,2,191,201,0
12,36,32,40,4077,61,73,5,92,101,6,122,30,143,151,2,172,2,192,201,1
11,36,31,410,2037,65,75,6,93,101,5,123,60,142,152,2,174,2,192,201,1
12,9,31,40,1397,62,72,2,92,101,2,122,48,142,152,2,172,2,191,201,1
11,36,32,40,2163,61,74,6,92,101,6,123,35,143,151,3,173,2,191,201,1
12,36,30,49,6362,61,73,2,93,101,6,121,54,143,152,5,172,2,192,201,1
14,27,34,40,4163,61,74,3,93,101,3,122,47,141,152,3,173,2,191,201,1
14,36,33,49,5795,61,73,2,93,101,3,124,48,143,153,2,173,2,191,201,0
12,11,32,43,3494,61,72,2,92,103,2,121,68,143,152,2,173,2,191,201,0
12,14,32,42,1377,61,73,6,92,101,2,122,45,143,152,2,173,2,191,201,1
12,36,31,46,2756,61,74,6,92,101,6,124,51,141,153,2,172,2,191,201,1
14,54,32,42,5024,61,73,6,92,101,3,123,42,143,152,2,174,2,192,201,1
13,15,32,42,1913,61,72,6,92,101,3,122,35,143,152,2,173,2,191,201,0
11,36,31,42,4242,63,73,6,93,101,6,121,33,142,152,2,173,2,192,201,0
14,36,34,49,6789,61,73,5,93,101,3,121,111,143,152,2,174,2,192,201,0
12,54,32,43,4007,62,73,6,92,102,6,124,75,143,153,2,173,2,191,201,1
14,27,32,43,3077,61,72,6,93,101,2,121,50,143,152,2,173,2,191,201,0
14,23,32,41,1950,65,75,6,93,101,6,124,68,141,153,2,173,3,191,201,0
11,18,32,44,1112,62,71,6,92,101,5,122,33,143,152,2,173,2,191,201,1
13,15,32,40,1860,62,75,2,92,101,6,124,72,143,153,2,172,3,191,201,1
11,32,32,43,5036,64,72,6,92,101,3,123,44,141,152,2,173,2,191,201,0
11,36,31,41,5448,61,73,2,92,103,6,123,33,141,151,2,173,2,191,202,0
14,27,33,42,2712,61,74,6,92,101,2,121,33,143,152,2,173,2,191,201,1
12,72,30,49,18306,65,73,3,93,101,3,123,72,141,152,2,174,2,192,201,0
12,90,33,43,13736,65,73,3,93,101,3,124,41,143,153,2,174,2,191,201,0
11,9,34,40,5514,61,73,2,93,101,5,121,56,143,151,5,173,3,191,201,0
12,45,32,42,5162,62,73,3,92,102,6,123,32,143,151,2,173,2,191,201,1
14,18,32,40,960,61,73,6,91,101,3,121,74,143,152,2,172,2,191,201,0
12,32,34,49,5478,61,74,3,93,101,5,122,41,143,152,3,173,2,191,201,0
14,27,34,40,2295,61,73,5,93,101,3,122,48,141,152,3,173,2,191,201,1
14,72,32,49,5871,65,73,6,91,101,3,121,57,141,152,2,173,2,191,201,1
11,18,32,42,2787,61,72,6,92,101,2,123,33,143,151,2,173,2,191,201,0
11,27,32,43,3900,61,73,6,93,101,6,124,98,143,153,3,173,2,191,201,1
14,23,32,43,2969,65,75,6,93,101,3,123,53,143,152,2,173,2,191,201,0
13,9,32,42,3174,61,73,3,93,101,3,121,62,143,152,2,173,2,192,201,0
12,14,31,40,2156,62,74,3,93,101,5,124,44,143,152,2,173,2,191,201,1
14,63,34,42,6063,63,73,6,93,101,6,121,54,143,152,3,173,2,192,201,0
14,14,32,46,5748,65,75,2,93,101,6,121,96,143,152,2,172,2,191,201,0
11,36,32,43,5490,61,73,3,92,101,6,123,42,143,152,2,173,2,191,201,0
11,27,31,42,2330,61,73,6,93,101,5,123,66,141,152,2,173,2,191,201,1
12,23,32,43,2166,65,72,6,93,101,2,122,35,143,152,2,173,2,191,201,0
14,14,32,42,2970,61,72,3,92,102,3,123,29,143,151,3,173,2,191,201,1
12,36,32,40,2033,61,72,5,92,101,6,123,38,143,152,2,172,2,192,201,1
14,18,32,46,2090,61,75,6,93,101,6,122,71,141,152,5,173,3,192,201,0
14,36,32,43,2064,63,74,6,92,101,2,123,42,143,152,2,173,2,191,201,0
14,90,33,43,23480,61,74,3,93,101,6,123,32,143,152,3,173,2,192,201,0
14,18,32,43,2240,61,72,6,92,101,5,123,51,143,152,2,173,3,191,201,0
11,63,33,43,6555,61,74,5,93,101,3,122,39,141,152,3,173,3,192,201,1
11,27,32,46,1125,61,71,6,92,101,2,121,41,143,152,2,171,2,191,201,1
12,23,32,45,1962,61,75,6,93,101,6,123,57,143,152,3,172,2,191,201,0
14,23,32,46,6935,62,73,5,93,101,3,122,60,143,152,2,174,2,192,201,1
14,36,34,43,2777,61,74,6,94,103,3,123,50,143,152,3,173,2,192,201,0
11,27,34,43,2820,61,74,6,94,101,2,122,48,143,152,3,174,2,192,201,0
14,54,33,49,11970,65,72,6,93,101,6,123,41,143,151,3,173,2,192,201,1
11,45,30,42,6875,61,73,3,91,103,3,121,48,143,152,3,173,2,191,201,0
14,18,32,40,2079,63,73,3,92,101,3,122,39,143,152,2,173,2,191,201,1
13,36,32,40,1421,61,74,6,93,101,5,124,57,141,153,2,173,3,191,201,1
11,18,32,46,1026,61,73,6,93,101,6,123,60,143,151,2,172,3,191,201,1
11,72,32,46,11214,61,74,6,93,101,2,124,75,143,153,2,174,2,192,201,0
12,18,32,42,2883,61,73,6,93,101,3,122,56,143,152,2,172,2,191,201,1
11,36,32,40,3455,61,75,6,93,102,2,121,68,143,152,2,173,2,191,201,1
12,54,33,40,12129,62,75,3,93,101,6,123,63,143,152,6,174,2,192,201,1
14,36,34,41,3519,61,74,6,93,101,5,123,53,143,152,3,173,2,192,201,0
11,21,32,40,5960,61,71,2,93,101,6,124,33,143,153,2,173,2,191,201,0
12,18,32,40,1332,61,75,6,93,101,6,123,62,141,152,2,172,3,191,201,1
14,72,32,43,15333,65,74,6,93,101,5,123,56,142,152,2,173,2,192,201,0
12,45,30,49,6332,61,73,3,92,101,2,123,42,143,152,3,173,2,191,201,0
12,27,34,42,9542,61,75,3,93,101,2,124,62,143,152,2,173,2,192,201,0
13,18,32,43,1946,61,73,5,94,101,6,121,35,143,151,2,173,2,191,201,0
11,18,32,40,1350,65,73,6,94,101,3,123,35,143,152,2,173,2,191,201,1
14,32,32,42,3362,61,75,6,93,101,3,121,75,143,152,3,173,2,191,201,0
12,9,33,42,1575,61,71,6,93,101,2,122,53,142,152,3,174,2,192,201,0
13,9,34,46,1571,61,73,3,92,101,6,122,75,143,152,2,172,2,191,201,0
14,36,34,410,9471,61,71,6,93,102,3,124,41,141,152,3,174,2,192,201,0
12,45,31,42,5244,64,73,6,93,101,3,123,51,142,152,2,173,3,192,201,0
14,72,31,49,5414,61,73,2,92,101,2,121,41,142,152,2,173,2,191,201,0
11,18,34,40,7265,61,75,5,93,102,6,122,65,143,151,3,173,2,192,201,1
13,45,34,43,4526,61,75,6,93,101,6,122,71,143,152,2,173,2,191,201,0
14,36,34,49,6209,62,73,5,93,101,5,122,41,143,152,3,172,2,192,201,0
14,54,32,49,8613,62,74,3,93,101,3,123,47,143,152,3,173,2,192,201,0
14,90,32,40,15549,61,75,3,93,101,6,122,63,143,152,2,174,2,192,201,0
14,9,34,40,3120,63,73,2,94,101,3,123,36,143,152,2,173,2,191,201,0
14,32,33,49,3870,63,72,6,93,101,3,121,62,141,152,2,172,3,191,201,1
14,45,34,43,6795,61,74,6,92,101,6,123,39,143,151,2,174,2,192,201,0
14,36,34,42,7725,61,75,6,93,101,6,123,50,143,152,2,173,2,192,201,0
12,108,32,43,8393,62,73,3,94,101,3,123,36,143,152,2,173,2,191,201,1
11,36,32,43,3576,61,75,6,93,101,6,121,96,141,151,2,172,2,191,201,0
14,27,32,43,2180,61,72,5,92,101,2,121,39,143,152,2,173,2,191,201,0
14,9,32,46,2307,61,72,2,92,101,3,124,84,143,152,2,173,2,191,201,0
14,18,32,43,3419,65,73,6,93,101,6,124,56,143,153,2,173,2,192,201,0
14,23,33,43,2217,61,73,6,94,101,5,121,50,141,152,3,173,2,191,201,0
14,36,34,43,7655,61,72,5,94,101,5,124,71,143,153,5,173,2,192,201,0
12,54,33,49,14786,62,74,2,93,101,5,122,47,143,152,3,172,3,192,201,0
14,90,32,40,9791,65,73,6,93,101,6,124,51,143,153,2,173,3,192,201,0
13,15,34,43,2021,65,74,6,93,101,3,122,41,143,152,3,173,2,192,201,0
12,54,33,40,4293,62,75,6,93,101,5,124,45,143,153,2,173,2,191,201,0
14,14,32,43,4130,62,75,5,93,102,6,123,53,143,152,2,173,2,192,201,0
11,18,32,40,5477,64,73,2,93,101,5,122,47,143,152,2,173,3,191,201,0
11,23,34,42,1463,61,73,3,91,101,5,122,38,143,152,3,173,2,191,201,0
12,23,32,45,3947,62,73,5,92,101,3,121,38,143,152,2,172,2,191,201,0
12,36,32,43,4344,62,72,3,93,101,2,123,44,143,152,2,173,2,191,201,0
11,9,34,40,7074,65,72,2,93,101,5,121,66,143,152,3,172,3,191,201,0
14,36,32,43,3426,61,74,6,93,101,3,123,42,143,152,2,173,2,192,201,0
14,9,32,41,1854,63,73,3,93,101,6,122,75,143,151,2,173,2,191,201,0
12,18,32,43,1655,61,74,6,93,103,5,121,44,143,152,3,173,2,191,202,0
14,18,34,40,1389,61,71,2,92,101,3,122,57,143,152,2,171,2,191,201,0
14,27,34,43,2700,61,73,6,93,101,3,123,36,143,152,3,173,2,191,201,0
13,23,32,46,2858,61,75,6,93,101,6,123,60,143,151,2,174,2,192,201,0
14,18,32,42,1685,63,73,6,92,101,6,123,44,143,151,2,172,2,191,201,1
11,72,34,41,9497,61,75,6,93,101,6,124,69,143,153,3,173,2,192,201,1
13,36,32,43,2066,62,75,6,92,101,3,124,71,143,153,2,173,2,192,201,0
12,45,33,49,3755,62,75,6,93,101,3,122,62,142,152,3,173,2,191,201,0
12,41,32,49,3792,61,72,6,92,101,2,122,48,143,152,2,173,3,192,201,0
14,23,32,40,7986,63,75,2,92,101,6,124,53,143,153,2,173,2,191,201,0
12,72,32,40,9840,62,74,5,93,101,3,122,36,143,152,2,173,2,191,201,1
12,18,30,42,4454,61,72,6,92,101,5,122,38,143,151,3,173,2,191,201,1
12,14,32,43,1809,61,75,6,92,101,6,121,38,143,152,2,173,2,191,201,0
12,14,32,43,3177,61,73,3,93,101,3,121,56,143,152,2,172,3,191,201,0
14,27,34,43,944,63,75,6,93,101,5,122,48,141,152,3,174,2,192,201,0
11,9,31,46,1797,61,75,6,92,101,6,124,53,143,153,2,173,2,191,201,1
14,32,32,41,3714,65,75,6,93,101,6,121,69,143,152,2,174,2,192,201,0
11,14,34,43,1707,61,73,6,93,101,6,121,38,143,152,3,172,2,191,201,0
12,90,32,40,21041,61,74,6,93,101,3,124,41,143,152,2,174,2,192,201,1
14,45,34,41,11394,65,75,2,93,101,6,123,95,143,152,3,173,2,191,201,0
14,45,34,43,4616,65,75,5,93,101,3,123,60,143,152,3,173,3,192,201,0
14,27,32,43,2258,61,73,6,93,101,3,124,48,143,153,2,174,2,192,201,0
13,36,34,43,4722,65,73,5,93,101,3,123,47,143,152,3,173,2,192,201,0
12,30,30,41,9222,62,75,5,94,101,6,123,47,141,152,3,173,2,192,201,0
13,14,30,43,2006,61,72,6,93,101,3,123,51,143,152,3,174,2,192,201,1
12,9,31,46,650,64,72,6,92,101,3,122,36,141,151,2,173,3,191,201,1
11,18,32,40,1842,61,73,6,92,101,3,121,36,143,152,2,172,2,191,201,1
12,14,32,43,1185,63,73,6,92,101,5,121,99,143,152,2,172,2,191,201,0
14,41,32,40,3855,61,73,5,92,101,5,121,32,143,151,2,173,2,191,201,1
14,9,34,40,375,64,73,3,92,101,3,121,62,141,152,3,172,2,191,201,0
14,23,34,43,1974,63,73,3,94,101,3,122,71,143,152,3,172,2,191,201,0
11,27,32,43,2823,61,73,6,92,101,6,123,38,141,151,3,173,2,191,201,1
12,72,31,49,9624,61,75,6,92,101,5,124,89,143,151,2,173,2,191,201,1
13,36,34,49,1913,64,73,3,91,101,6,121,54,143,152,3,173,2,192,201,0
12,36,33,43,9605,61,72,2,93,101,3,123,50,143,152,2,173,2,191,201,0
11,36,32,43,2981,61,73,3,93,101,6,121,32,143,151,2,172,3,191,201,1
12,12,32,43,1140,61,74,6,92,103,3,121,66,143,152,2,172,2,191,201,0
14,36,32,41,3905,64,73,3,92,101,6,123,42,143,151,2,173,2,192,201,0
14,6,34,40,5070,61,74,2,92,101,2,121,56,143,152,2,173,3,191,201,0
12,54,31,44,5985,65,72,5,92,101,3,124,44,141,152,2,171,2,191,201,0
12,36,32,41,17340,61,73,2,92,101,6,123,35,143,151,3,174,2,191,201,1
11,27,32,40,6570,62,73,5,93,101,6,123,53,143,152,2,172,3,192,201,0
14,9,34,40,10142,61,74,2,93,101,5,124,68,143,152,3,174,3,192,201,0
12,45,30,49,6420,62,73,6,92,101,6,123,39,143,151,3,172,2,191,201,1
11,36,31,40,3488,62,74,3,93,101,5,123,48,141,152,2,173,2,191,201,0
12,15,31,43,1572,61,73,6,93,101,6,121,35,142,152,2,172,2,191,201,0
14,32,32,43,4740,65,75,6,93,101,5,122,62,143,152,2,173,2,192,201,0
11,36,31,42,3725,63,73,6,93,101,6,121,33,142,152,2,173,2,192,201,0
11,59,34,42,21269,65,74,6,93,101,6,122,45,143,152,3,174,2,192,201,0
11,20,34,49,2696,61,72,5,93,101,2,122,42,141,152,3,172,2,191,201,0
11,23,32,40,3767,61,71,2,92,101,6,123,35,143,151,2,173,2,191,201,0
11,18,32,40,1911,61,72,5,92,101,2,121,56,143,152,2,172,2,191,201,1
14,32,32,41,7872,65,73,2,93,101,5,123,39,143,152,2,173,2,191,201,0
14,23,32,41,4544,61,74,3,93,101,3,123,50,143,152,2,173,2,191,201,0
11,9,32,42,642,61,75,3,92,101,2,122,74,141,152,2,173,2,192,201,0
11,27,32,40,1464,61,72,2,92,101,3,123,35,143,152,2,172,2,191,201,1
12,18,32,49,1262,62,74,3,92,101,6,121,35,143,151,2,172,2,191,201,0
14,45,34,43,8657,61,74,6,92,101,3,123,38,143,152,3,173,2,191,201,0
14,18,33,45,2333,64,75,6,93,101,6,124,83,143,153,3,173,3,191,201,1
11,36,32,40,1928,65,74,6,92,101,6,124,48,143,151,2,173,2,191,201,1
13,9,34,40,1949,61,73,2,93,101,2,121,111,143,152,5,171,3,191,202,0
13,23,34,43,1907,65,73,5,93,101,6,124,59,143,153,3,173,2,192,201,1
14,36,32,40,2090,61,73,3,93,103,3,121,47,143,152,2,173,2,192,201,0
11,18,34,40,1037,61,75,6,93,101,5,122,53,143,152,3,173,2,191,201,1
14,23,34,40,7568,65,75,2,92,101,6,123,89,143,152,2,173,2,192,201,0
11,27,34,42,3186,61,73,6,92,101,6,121,36,143,151,3,173,2,191,201,1
11,18,32,43,3321,61,73,6,93,101,5,122,36,143,152,2,172,2,191,201,0
14,32,34,40,19020,65,75,6,93,101,6,124,45,143,153,2,174,2,192,201,1
14,36,34,40,3695,62,74,6,94,101,5,122,41,143,152,3,173,2,192,201,0
12,18,32,43,1733,61,75,5,94,103,5,121,60,141,152,3,172,2,191,201,0
11,45,32,42,4662,61,72,3,91,101,6,122,47,143,152,2,172,2,191,201,1
14,15,32,41,4352,65,72,2,92,101,6,121,47,143,151,2,173,2,191,201,0
12,18,34,42,5426,61,75,2,93,101,6,123,42,143,151,5,173,2,192,201,0
14,18,34,43,2483,61,75,3,93,101,6,121,95,143,152,3,172,2,192,201,0
11,36,32,41,4218,65,75,3,92,101,6,121,39,143,151,2,173,2,191,201,0
11,54,34,46,12098,61,73,5,92,101,3,124,38,143,152,3,174,2,192,201,1
14,32,34,41,4913,61,75,2,93,101,6,123,54,143,152,2,174,2,192,201,0
14,36,34,43,3335,62,75,6,93,101,6,122,78,141,152,3,173,2,191,201,0
13,18,34,40,2220,63,71,3,93,101,6,124,99,141,153,5,171,2,191,201,0
11,36,32,40,2057,65,73,6,92,101,6,121,38,143,151,2,173,2,191,201,1
14,54,34,40,5303,61,74,6,93,101,6,123,56,143,152,3,173,2,192,201,0
11,27,32,43,5264,61,74,6,92,103,2,121,38,143,152,2,173,2,191,201,0
14,54,34,41,8567,64,75,6,93,101,3,123,57,143,152,3,174,2,192,201,0
12,27,32,45,5808,61,71,3,92,101,6,123,101,143,152,2,173,2,192,201,0
12,59,34,43,7400,61,74,3,93,103,3,121,38,143,152,3,173,2,191,201,1
14,36,34,40,2910,64,75,6,93,101,6,121,90,143,152,2,173,2,192,201,0
12,18,30,48,2115,61,73,3,93,101,3,121,47,143,152,2,172,2,192,201,0
12,18,32,40,1254,62,72,6,92,101,3,122,35,141,152,2,172,2,191,201,1
12,30,32,41,9702,65,71,2,91,101,6,121,90,143,152,2,174,2,192,201,0
12,27,32,49,2912,64,73,6,93,101,3,122,53,143,152,2,172,2,192,201,0
14,33,32,43,4013,63,75,5,93,101,6,123,60,143,152,2,173,2,191,201,0
14,72,34,41,4127,65,75,6,93,101,5,123,57,143,152,3,173,3,192,201,0
12,72,33,46,9336,61,75,6,93,101,6,124,75,143,153,2,173,2,191,201,1
11,60,34,46,8997,61,73,6,93,101,5,124,41,141,152,2,173,2,192,201,1
12,32,32,49,1782,61,75,3,92,101,6,122,59,143,152,2,173,3,191,201,1
14,36,32,41,9470,65,75,5,93,101,6,123,62,143,152,2,174,3,192,201,0
14,9,34,42,1832,65,73,2,94,101,3,122,41,143,152,3,173,2,191,201,0
13,36,32,42,4338,61,75,5,91,101,6,124,77,143,153,2,173,2,191,201,0
14,36,32,42,4593,63,75,6,93,101,5,124,48,143,151,2,173,2,192,201,0
14,14,32,42,3452,62,72,3,92,101,6,122,33,143,151,2,173,2,191,201,0
11,27,32,41,11267,65,75,2,93,101,6,122,77,143,153,2,173,3,192,201,1
14,18,34,42,1887,61,72,3,92,101,6,122,33,143,151,3,172,2,191,201,0
14,36,33,40,1076,65,75,6,94,101,6,123,81,143,152,3,173,2,192,201,0
12,14,32,40,2324,65,72,6,93,101,3,121,53,143,152,2,171,2,191,201,0
14,36,34,46,2396,61,75,6,93,101,6,124,81,143,153,3,173,3,191,201,0
12,27,34,43,2693,61,75,5,92,103,6,121,72,141,151,3,172,2,192,201,0
11,30,34,42,6408,61,75,2,92,101,6,122,36,143,152,3,173,2,191,201,0
14,18,34,43,1464,65,75,6,93,101,6,123,53,143,152,3,173,2,191,201,0
12,18,32,40,11208,65,71,2,92,101,3,121,36,143,151,2,171,2,191,201,0
11,54,32,40,13907,61,74,3,93,101,2,123,36,143,152,2,173,2,192,201,1
12,9,32,43,885,61,72,5,94,101,5,121,39,143,152,2,172,2,191,202,0
14,18,34,43,1395,65,75,6,93,101,6,121,98,143,152,6,173,2,191,201,0
12,63,31,41,13925,61,71,2,93,101,3,124,83,141,153,2,174,2,192,201,0
12,23,30,40,2667,61,72,3,92,101,2,121,39,143,151,3,171,2,191,201,1
12,12,32,49,1361,61,72,5,94,101,3,121,39,143,152,2,173,2,192,201,0
12,9,32,43,726,61,74,5,94,103,5,121,42,141,152,2,172,2,191,201,0
11,54,34,41,14444,61,74,6,93,101,6,123,36,143,152,3,173,2,192,201,1
11,72,32,44,4577,61,73,5,93,101,6,123,81,143,152,2,173,2,191,201,1
11,72,32,40,5897,61,74,6,93,101,6,124,69,143,153,2,173,3,191,201,1
12,54,33,40,11148,61,73,3,92,101,3,122,81,143,151,2,173,2,191,201,0
14,9,32,44,2007,63,73,2,91,101,6,121,93,143,152,2,173,2,191,201,0
14,9,34,43,2331,61,74,2,92,101,3,123,36,143,151,3,173,2,192,201,0
11,54,32,410,23786,61,71,3,91,102,5,123,65,143,152,2,174,2,191,201,0
11,27,32,43,2018,61,73,6,94,101,5,121,39,141,152,2,173,2,191,201,1
14,18,32,40,1652,61,73,5,94,101,3,121,41,143,152,3,173,2,192,201,0
13,18,32,43,4524,61,73,5,94,101,2,123,36,143,152,2,173,2,191,201,0
11,54,32,42,4068,61,75,3,93,101,3,122,62,141,152,2,173,3,191,201,1
11,12,34,40,1097,61,75,6,93,101,6,121,71,143,152,3,172,2,191,201,0
14,27,34,42,5670,61,72,5,91,101,3,123,53,143,152,3,174,2,192,201,0
11,32,34,40,2403,61,75,6,94,101,5,123,45,143,152,3,173,2,192,201,0
11,27,34,40,5949,61,75,2,92,101,6,121,50,141,151,5,173,2,192,201,1
14,27,30,49,6248,61,73,3,93,101,3,123,54,142,152,3,173,3,191,201,1
11,54,32,41,12503,65,75,5,93,101,6,124,71,143,153,2,173,2,191,201,1
12,72,33,49,10022,65,73,6,93,101,6,124,57,143,153,2,173,3,192,201,0
14,36,33,49,3563,63,73,6,93,101,3,123,66,143,152,3,173,3,192,201,0
11,27,32,40,1824,61,72,6,92,101,5,123,35,143,151,2,173,2,192,201,1
11,68,30,49,17724,61,75,3,93,101,6,123,44,143,151,3,173,2,191,201,1
12,36,32,43,7626,65,75,3,92,101,6,123,63,143,152,2,173,2,192,201,0
13,23,32,43,3491,61,72,3,92,101,5,121,38,143,152,2,172,2,191,201,1
11,18,30,40,1623,61,73,6,93,101,6,123,72,141,152,3,173,2,191,201,1
14,18,32,43,1329,65,73,6,92,101,3,123,32,143,152,2,173,2,191,201,0
14,6,32,42,902,61,72,2,92,101,5,121,35,143,151,2,172,3,191,201,0
11,36,34,41,4436,61,75,6,93,101,6,122,95,143,152,3,173,2,192,201,0
14,36,34,43,3917,61,75,6,94,102,5,121,69,143,152,3,173,2,191,201,0
11,54,32,42,7769,61,74,6,93,101,3,122,44,143,152,2,173,2,191,201,1
14,32,33,41,4490,61,73,5,93,101,3,121,42,142,152,3,172,2,191,201,0
14,27,32,45,2915,61,72,6,92,101,6,121,35,143,152,2,173,2,191,201,1
14,36,31,49,2339,61,74,6,93,101,6,123,75,141,152,2,173,2,192,201,0
14,27,32,42,5133,61,75,6,93,101,6,122,71,141,152,5,173,3,192,201,0
12,32,32,42,5964,65,74,3,93,101,5,123,53,143,152,2,173,2,192,201,0
14,27,32,40,10142,65,73,3,93,101,6,123,102,143,151,3,173,2,191,201,1
14,36,32,40,1874,61,72,6,94,101,3,121,42,143,152,2,173,2,191,201,0
11,14,32,43,2046,61,74,5,93,101,6,121,89,143,152,2,173,2,191,201,0
11,18,32,43,1064,61,75,6,93,101,6,121,86,142,152,2,172,2,191,201,1
11,30,34,40,3353,61,73,6,94,103,3,122,50,141,151,3,173,2,191,202,1
14,36,34,41,6063,65,74,5,93,101,6,122,65,143,152,3,173,2,192,201,0
14,23,34,43,2207,61,73,6,93,101,6,124,53,143,153,3,173,2,192,201,0
11,27,31,40,2163,61,74,6,93,101,6,124,48,143,153,3,172,3,191,201,1
14,54,33,40,16313,61,75,3,93,101,3,123,68,143,152,3,173,3,192,201,0
14,36,32,40,2211,62,72,6,94,101,5,121,50,143,152,2,173,2,192,201,0
14,15,32,48,1341,65,74,6,92,101,5,122,60,143,152,2,173,2,192,201,0
14,23,34,42,5015,61,73,6,93,101,3,124,42,143,153,2,173,2,192,201,0
11,23,32,40,5939,61,73,5,92,101,3,122,44,143,152,2,173,2,192,201,1
14,14,32,40,5366,62,73,2,93,103,3,121,39,143,151,2,173,3,191,202,0
14,36,34,41,8706,64,73,6,93,101,3,121,41,143,152,3,173,2,191,201,0
14,27,33,49,3254,61,73,6,94,101,3,123,42,143,152,2,173,2,192,201,1
11,36,32,43,3659,61,72,6,92,101,6,121,53,143,152,2,173,2,192,201,1
14,41,34,42,6789,64,72,6,93,101,3,121,48,142,152,3,172,3,192,201,0
14,15,32,42,3315,61,73,3,93,101,3,121,38,141,151,2,172,2,191,201,1
14,23,32,42,3332,63,73,3,92,101,6,123,30,143,151,2,173,2,191,201,0
11,27,32,43,3584,61,72,6,92,101,2,123,41,142,152,2,173,2,191,201,0
14,18,34,42,4997,61,75,3,93,101,6,122,63,142,152,2,173,2,191,201,0
14,54,32,49,11114,65,75,5,93,101,3,122,56,143,152,3,173,2,191,201,0
11,18,32,42,978,61,75,6,92,101,6,122,36,143,151,2,173,2,191,201,0
14,54,33,42,11517,63,74,3,92,101,6,123,60,143,152,3,173,2,192,201,0
13,9,34,40,2015,61,75,2,93,101,6,121,69,143,152,3,173,3,191,202,0
11,36,34,49,2073,62,74,6,93,101,2,121,39,143,152,3,173,2,192,201,0
14,23,32,44,1311,65,72,6,92,101,2,121,36,143,152,2,173,2,191,201,0
11,18,32,42,5385,61,73,3,93,102,3,122,44,143,152,2,172,3,191,201,0
12,17,34,40,1983,64,73,6,92,101,6,123,60,143,152,3,173,2,191,201,0
11,27,31,43,2910,61,72,5,93,102,6,124,54,141,153,2,174,2,192,201,0
14,54,32,43,5393,61,75,6,93,101,3,123,42,143,152,2,173,2,191,201,0
11,14,32,40,2133,61,72,5,93,101,3,124,41,143,153,2,174,2,192,201,1
14,45,34,43,10113,65,74,3,93,101,5,122,54,143,152,3,173,2,191,201,0
14,36,32,41,11721,61,74,5,93,101,5,123,57,143,152,2,174,2,192,201,0
14,36,32,41,13916,65,73,3,91,101,6,124,72,143,153,2,173,2,192,201,0
12,45,34,40,3272,65,75,6,93,101,6,121,54,143,152,3,173,2,191,201,0
14,27,34,43,1647,61,71,6,92,101,6,123,98,143,152,3,171,2,191,201,0
12,36,32,42,6086,61,74,5,91,101,5,123,65,143,152,2,173,2,192,201,1
11,18,32,46,1193,61,72,6,92,101,6,122,80,143,152,2,173,2,191,201,1
12,36,34,49,4238,65,74,6,93,101,5,124,51,143,152,3,173,3,192,201,0
12,72,32,49,23508,61,73,3,93,101,3,123,35,143,152,2,173,2,192,201,1
14,54,34,40,9921,61,75,6,93,101,6,123,51,143,152,3,174,2,192,201,0
14,42,31,41,11736,65,72,5,93,103,6,121,60,141,151,3,173,3,192,201,0
11,41,34,49,3663,61,75,6,93,101,6,123,65,142,152,6,174,3,192,201,0
14,23,34,43,2744,61,75,6,93,101,6,123,69,143,152,3,173,2,192,201,0
11,18,34,40,3257,61,73,6,93,101,6,122,57,141,152,3,172,2,191,202,0
12,54,34,41,8700,61,73,5,93,101,6,123,51,143,152,3,173,2,192,201,0
14,27,34,43,1754,65,73,6,93,101,5,122,44,143,152,3,173,2,192,201,0
14,54,33,41,13421,65,74,5,93,101,3,123,47,142,152,2,174,3,192,201,0
11,32,32,43,3909,61,72,6,92,101,6,122,42,143,151,2,174,2,192,201,0
14,18,34,42,2388,64,74,5,92,101,3,122,53,143,152,2,173,2,191,202,0
14,23,32,42,3279,65,74,2,92,101,6,121,50,141,151,2,172,2,191,201,0
11,27,32,42,6230,61,73,3,93,102,5,123,63,143,152,2,173,2,191,201,1
11,24,34,40,3938,61,75,3,93,103,6,122,65,141,151,2,173,2,192,201,1
14,30,34,40,5228,65,72,3,91,101,6,121,66,143,152,3,173,2,192,201,0
14,54,34,41,15716,65,75,3,93,101,6,124,63,143,153,3,173,2,191,201,0
14,23,32,43,2079,65,73,6,94,101,3,121,60,143,151,2,173,2,192,201,0
14,36,32,43,1917,61,75,6,93,101,2,121,54,143,152,2,174,2,192,201,0
11,18,32,43,1661,61,73,3,93,101,3,121,30,143,151,2,174,3,192,201,0
11,32,32,40,5645,65,74,3,93,102,3,121,36,143,152,2,172,2,191,202,0
12,54,32,46,5567,65,73,3,94,101,3,123,41,143,152,2,173,2,191,201,0
14,23,33,41,5391,61,72,2,92,101,3,122,69,143,152,3,172,2,191,201,0
12,14,32,40,4793,65,73,2,92,101,3,121,50,143,152,2,172,2,191,201,0
14,54,33,43,6681,61,73,6,92,101,6,121,51,143,152,3,173,2,191,201,0
12,36,34,42,7104,61,72,3,92,101,6,123,38,141,152,2,172,2,191,201,1
12,45,32,43,4487,65,75,3,92,101,6,123,38,143,152,2,173,2,191,201,0
14,17,32,49,3213,64,75,2,91,101,3,121,42,143,152,2,173,2,192,201,0
11,36,31,49,4742,61,73,6,93,101,3,122,47,143,151,2,173,2,192,201,1
12,72,30,410,27636,61,73,2,92,101,3,122,48,141,152,2,174,2,192,202,1
14,15,32,41,4272,62,73,2,93,102,3,121,48,143,152,2,173,3,191,201,0
11,9,32,40,22344,61,75,2,93,101,6,124,102,141,152,2,174,2,192,201,1
11,36,32,42,3539,62,71,2,91,101,2,122,50,143,152,2,173,2,191,201,1
11,36,32,42,5018,61,75,6,93,101,3,122,59,143,151,2,174,2,192,201,1
14,27,34,42,2726,61,73,6,92,101,3,124,42,143,152,3,173,2,191,201,0
14,72,33,43,19124,63,74,6,93,101,2,123,56,143,152,2,174,2,192,201,0
11,14,32,43,2049,61,72,5,92,101,6,122,33,143,151,2,173,2,191,201,1
12,18,32,40,3003,61,74,5,93,101,6,122,45,143,151,2,173,3,192,201,0
11,36,31,42,10308,61,72,3,91,101,2,122,83,141,152,2,173,2,192,201,1
11,18,31,40,1046,61,72,6,93,101,3,123,69,141,152,3,173,2,192,201,1
11,27,34,42,1574,61,72,6,92,101,6,122,32,143,151,2,173,2,191,201,0
11,72,32,41,15446,61,74,6,93,101,6,124,59,142,153,5,173,3,192,201,1
14,45,32,43,2801,65,75,6,93,101,6,123,87,143,152,2,173,2,192,201,0
11,18,33,40,2016,61,73,6,93,101,3,121,65,143,152,3,172,3,191,201,0
11,36,32,42,2621,61,72,6,93,102,2,122,36,143,152,2,172,2,191,202,0
12,14,32,43,2505,61,72,6,92,101,3,123,33,143,152,2,173,2,192,201,1
14,14,34,40,1836,61,73,5,93,101,2,121,45,143,152,3,173,2,191,201,0
14,18,34,43,783,63,75,6,93,101,6,122,63,143,152,3,173,3,192,201,0
11,18,32,43,2247,61,73,6,92,101,2,123,35,141,152,2,173,2,191,201,0
12,45,33,43,2879,62,72,6,93,101,5,124,45,142,152,3,174,2,191,201,1
13,14,32,43,1118,61,73,5,92,101,3,121,42,143,152,2,172,2,191,201,1
12,9,32,43,3095,61,72,6,94,101,5,123,45,143,151,2,174,2,192,201,0
12,90,32,46,9432,61,73,6,93,101,6,124,63,143,153,2,173,2,191,201,1
14,36,34,41,10263,65,73,3,93,101,6,122,69,143,152,3,174,3,192,201,0
14,18,32,40,5291,65,72,3,93,101,5,122,68,143,152,2,174,3,192,201,0
14,15,32,40,2319,61,73,5,93,101,3,121,47,143,152,2,172,3,191,202,0
14,36,32,42,1394,65,74,6,93,101,3,123,47,142,152,2,173,2,192,201,0
14,6,34,40,2183,61,74,3,93,101,2,121,63,143,152,5,172,3,191,201,0
11,23,32,42,2768,61,72,6,92,103,2,122,69,143,151,2,173,2,191,201,0
12,72,30,40,12537,63,72,2,92,101,2,123,45,143,152,3,173,2,191,201,0
11,36,31,42,5024,63,72,6,93,101,6,124,45,143,153,2,173,3,192,201,1
14,18,32,40,4289,65,71,6,93,101,6,124,57,143,152,2,174,2,192,201,0
14,27,32,42,2300,61,72,6,94,102,2,122,65,143,152,2,172,3,191,201,1
14,36,32,43,5432,62,75,3,93,101,6,123,47,143,152,3,173,2,191,201,1
12,27,34,49,5385,61,71,5,94,101,5,123,60,143,152,5,171,3,192,201,0
11,54,33,49,3218,61,74,3,93,101,2,123,36,143,152,3,173,2,192,201,1
12,36,32,41,6170,63,72,5,92,101,6,123,42,143,151,2,173,2,191,201,1
14,54,32,42,16461,61,71,6,92,101,3,123,39,143,152,3,174,2,192,201,1
11,18,32,40,2840,61,73,6,92,103,6,122,44,143,152,2,173,2,192,201,0
11,36,34,43,1847,64,75,6,92,101,6,122,86,143,151,3,174,2,192,201,0
13,45,34,43,5484,65,75,6,93,101,6,122,74,142,152,3,172,2,191,201,0
12,14,34,43,1731,61,75,3,93,101,6,121,56,143,152,5,172,2,191,201,0
11,42,32,40,6009,61,73,5,93,101,3,123,68,143,152,2,172,2,191,201,1
12,36,32,42,4604,62,75,6,93,101,6,124,45,143,153,2,173,2,191,201,0
14,9,34,43,2610,61,75,3,94,101,3,121,45,143,151,3,173,2,191,201,0
12,32,33,40,3530,61,73,2,91,101,6,122,71,143,152,3,173,2,191,201,0
14,23,32,40,5334,65,73,5,93,101,3,124,44,143,152,2,173,2,191,201,0
14,36,32,43,3596,63,75,5,93,101,3,123,53,141,152,3,173,2,192,201,1
12,9,32,45,681,61,72,5,94,101,2,122,33,143,152,2,172,2,191,201,0
12,45,32,43,2573,65,73,6,92,101,2,123,39,143,152,2,173,2,191,201,0
12,41,34,43,3780,63,73,6,93,101,3,122,35,143,152,3,172,2,191,201,1
14,23,32,43,5352,61,75,6,92,101,3,123,81,141,151,2,174,2,192,201,0
14,63,32,43,10749,65,74,3,94,101,6,122,44,143,151,2,173,2,192,201,0
11,17,34,40,5909,61,73,2,93,101,3,121,60,143,152,3,172,3,191,201,0
12,23,32,45,2271,62,73,6,93,103,3,121,33,143,152,2,173,2,191,201,0
14,36,32,40,11090,61,73,2,93,101,6,122,65,143,152,2,172,3,191,201,0
11,36,31,40,1790,61,71,2,92,102,6,124,44,143,151,3,171,2,191,201,1
11,90,32,49,10946,61,75,6,93,102,6,124,54,143,151,2,173,2,191,201,1
14,45,34,43,4247,61,73,6,92,101,3,123,50,143,152,2,173,2,192,201,0
13,36,32,43,1887,63,73,5,92,101,5,123,86,143,152,2,172,2,191,201,0
12,9,32,43,1130,61,73,3,92,103,5,121,96,143,152,2,173,2,191,201,0
12,27,33,49,3641,65,75,6,93,101,3,122,63,143,152,3,173,2,191,201,0
14,36,33,40,3807,61,75,6,93,101,6,123,71,143,152,3,172,3,191,201,1
12,23,31,40,1896,62,73,3,94,101,3,122,38,143,151,2,173,2,191,201,1
12,45,34,42,12579,61,74,3,93,101,3,122,74,143,152,2,173,2,191,201,1
14,72,32,49,7266,61,71,5,93,101,3,123,50,141,151,2,174,2,192,201,1
13,32,32,40,4385,62,73,2,92,101,2,123,42,141,152,2,174,2,192,201,0
11,54,32,41,12344,61,73,3,93,101,3,122,39,143,152,2,173,3,191,201,1
14,36,34,42,3042,61,74,3,93,101,3,122,45,143,152,3,172,2,191,201,0
11,23,34,42,2150,61,73,6,92,101,5,122,38,143,151,3,173,2,191,201,0
13,63,30,49,9434,61,72,3,91,101,2,122,50,143,152,3,173,2,191,201,0
14,20,32,43,2114,62,71,3,92,101,6,121,96,143,152,2,173,2,191,201,0
11,36,32,41,9869,61,71,6,93,101,3,124,44,143,153,2,174,2,192,201,0
12,36,34,43,2615,61,75,6,93,101,3,122,72,143,152,3,172,2,191,201,0
14,18,34,46,5348,65,72,3,93,101,2,122,56,143,152,3,172,3,191,201,0
14,23,31,43,2354,62,75,6,93,101,6,123,51,141,152,2,172,3,191,201,0
11,27,32,43,2904,65,74,3,94,101,6,123,35,143,151,3,172,2,191,201,0
11,54,32,42,5939,61,71,6,93,101,5,122,45,143,152,2,174,2,192,201,0
14,18,32,40,3585,65,75,6,93,101,5,123,75,143,152,2,173,2,192,201,0
14,18,32,42,2604,61,74,5,92,101,6,121,47,143,152,2,172,2,191,201,0
11,45,32,41,5786,61,73,6,91,101,6,122,60,143,152,2,174,2,192,201,0
14,18,32,43,1206,61,75,6,93,101,6,123,57,143,152,2,173,2,191,201,0
11,68,32,43,2768,61,73,6,93,101,6,124,35,143,153,2,173,2,192,201,1
12,68,34,41,6864,62,71,5,93,101,6,123,41,143,152,2,173,2,191,201,0
